id,sale_id,payment_date,amount,payment_type,payment_mode,transaction_reference,remarks,recorded_by,created_at,updated_at
01bd2445-26ab-4240-bf48-e8c01552c9ad,e1625456-81e0-492b-a0d9-de74a5a442ca,2025-10-05,11000.00,token,upi,,,ebe1c271-7011-4854-9ade-836e325b0a4f,2025-12-14 09:24:15.130847+00,2025-12-14 09:24:15.130847+00
02bc2de8-1928-4115-b81c-9ad313a2f42d,38ab3cf8-7b09-4a1e-acce-fd571fb727c2,2025-07-03,65000.00,emi,upi,,,ebe1c271-7011-4854-9ade-836e325b0a4f,2025-12-15 11:23:33.217655+00,2025-12-15 11:23:33.217655+00
03afe93a-a3d5-4033-b1a2-912bf71e27cf,09cf784a-5326-41cf-8c48-7b9dddf33c6c,2025-09-22,864000.00,emi,account_transfer,,,ebe1c271-7011-4854-9ade-836e325b0a4f,2025-12-14 09:05:20.317791+00,2025-12-14 09:05:20.317791+00
03c549b2-0fcb-4190-a5e6-40650af3137c,1eab0831-af82-4939-bf71-230ee0973030,2025-04-28,100000.00,booking,cash,,,ebe1c271-7011-4854-9ade-836e325b0a4f,2025-12-13 09:45:31.566466+00,2025-12-13 09:45:31.566466+00
04569e6b-bd93-4b91-9835-d6fd616ad6ba,7f3c8fbd-7172-4291-af36-4b70bcd8d9ff,2025-04-12,100000.00,emi,account_transfer,,,ebe1c271-7011-4854-9ade-836e325b0a4f,2025-12-13 07:35:44.492499+00,2025-12-13 07:35:44.492499+00
05e696d2-8e2c-4c87-bdff-6b559dc2fa88,7450b82e-b468-4671-a9ad-404b2b4a5606,2025-12-08,321000.00,emi,account_transfer,,,ebe1c271-7011-4854-9ade-836e325b0a4f,2025-12-13 11:48:47.68903+00,2025-12-13 11:48:47.68903+00
064e210d-4043-4b7d-a2f8-001dd36876bd,f080ba7e-8341-4515-93a0-ced73c4c8d24,2025-04-18,100000.00,booking,account_transfer,,,ebe1c271-7011-4854-9ade-836e325b0a4f,2025-12-14 06:25:08.309022+00,2025-12-14 06:25:08.309022+00
075cf13a-5e75-4b52-8b1d-8e5d1ce66cc1,6be0399a-5d07-4bfa-a029-75180ad850f7,2025-09-23,50000.00,emi,account_transfer,,,ebe1c271-7011-4854-9ade-836e325b0a4f,2025-12-13 09:51:08.755741+00,2025-12-13 09:51:08.755741+00
086c7b12-1f35-4467-9ced-7f0cc2ec537b,0891d327-99fb-4850-b5c2-a72452a91dbf,2025-06-11,200000.00,booking,cheque,,,ebe1c271-7011-4854-9ade-836e325b0a4f,2025-12-13 10:29:56.769414+00,2025-12-13 10:30:51.694838+00
0b92b384-1815-4b1b-9fe4-9282be77a407,811e184e-a68e-403f-a1b5-b5e218958f61,2025-03-17,100000.00,token,account_transfer,,,ebe1c271-7011-4854-9ade-836e325b0a4f,2025-12-14 06:19:19.100826+00,2025-12-14 06:19:19.100826+00
0cd3844a-bded-4b47-a1fe-8c0314ea26b5,6e8cdeeb-92f5-4e23-b975-a0b86dbe34f9,2025-10-24,66500.00,booking,upi,,,ebe1c271-7011-4854-9ade-836e325b0a4f,2025-12-15 09:54:06.790916+00,2025-12-15 09:54:06.790916+00
0d06f382-bfe3-415d-b344-c05f7a2f5f1b,0c77042a-0633-4217-9851-c6581664ac20,2025-11-17,150000.00,emi,account_transfer,,,ebe1c271-7011-4854-9ade-836e325b0a4f,2025-12-14 11:31:34.453733+00,2025-12-14 11:31:34.453733+00
0d8ef436-7309-4b50-826d-af1623a276a0,c6102bc9-03e3-4396-8cf5-d3273daafdd9,2025-04-24,11000.00,token,upi,,,ebe1c271-7011-4854-9ade-836e325b0a4f,2025-12-13 10:01:16.313394+00,2025-12-13 10:01:16.313394+00
0df2fb11-cf6b-4321-9095-e97322fd3923,c9c349cc-2ed4-4edc-a4fe-e0d6caba7921,2025-08-03,1500000.00,emi,account_transfer,,,ebe1c271-7011-4854-9ade-836e325b0a4f,2025-12-13 10:53:13.004692+00,2025-12-13 10:54:47.773684+00
0f34949b-1f4b-44a4-a9c1-1fc7fdd72747,a085185c-146e-4f8e-8591-cbf7268f9636,2025-04-27,402500.00,token,cash,,,ebe1c271-7011-4854-9ade-836e325b0a4f,2025-12-13 08:30:07.072075+00,2025-12-13 08:30:07.072075+00
10f79c3d-5d03-4fb2-9e84-eeffd745ed80,823e22c3-6922-42ab-9b3a-5b76b08a8c59,2025-04-14,11001.00,token,upi,,,ebe1c271-7011-4854-9ade-836e325b0a4f,2025-12-13 09:27:04.942826+00,2025-12-13 09:27:04.942826+00
12019bfb-96f5-485c-9917-f99791ac4134,fac11d1b-1e0b-48da-829b-f6fbf70fb0da,2025-09-29,21000.00,token,upi,,,ebe1c271-7011-4854-9ade-836e325b0a4f,2025-12-15 09:50:49.208663+00,2025-12-15 09:50:49.208663+00
12189b26-1d3b-4498-9619-d0f2f8bdf9ab,54f39b6d-fa6a-44ec-a8ea-1958894a92ca,2026-02-13,40000.00,emi,upi,,,ebe1c271-7011-4854-9ade-836e325b0a4f,2026-02-13 05:19:04.394789+00,2026-02-13 05:19:04.394789+00
121f83a6-38e6-4fbf-9626-63040e5d4195,4cf923bd-0ff1-4363-bc01-dfaab468f05f,2025-03-30,55000.00,booking,cheque,,,ebe1c271-7011-4854-9ade-836e325b0a4f,2025-12-15 06:40:23.823173+00,2025-12-15 06:40:23.823173+00
1365d24e-b912-4387-bd7a-3c828c60d029,27b51ce1-9b4d-41d1-81f4-e07598f104c8,2025-02-07,50000.00,booking,account_transfer,,,ebe1c271-7011-4854-9ade-836e325b0a4f,2025-12-13 06:19:57.855324+00,2025-12-13 06:19:57.855324+00
13edca60-53fb-4707-9055-50bd188f9b86,21dcf0d9-f4d3-45e8-8db2-30318a21a5d6,2026-01-31,57000.00,emi,account_transfer,,,ebe1c271-7011-4854-9ade-836e325b0a4f,2026-02-02 05:02:42.690309+00,2026-02-02 05:02:42.690309+00
145286c5-84b5-49d2-b2ad-e2b718050758,663d2d05-6b09-4d3a-b4d0-ff03459403e8,2026-01-30,80000.00,token,cash,,Initial Booking Amount,ebe1c271-7011-4854-9ade-836e325b0a4f,2026-01-30 10:14:34.497148+00,2026-01-31 11:21:50.774422+00
14f6cd94-bd71-4f07-a93b-f1bc0e5b7656,21dcf0d9-f4d3-45e8-8db2-30318a21a5d6,2025-10-24,119000.00,emi,account_transfer,,,ebe1c271-7011-4854-9ade-836e325b0a4f,2025-12-13 08:21:59.283971+00,2025-12-13 08:21:59.283971+00
160e7db9-0da6-4776-9005-59b4406a446a,b8859852-05dd-47ce-b7a6-8b07409bb107,2025-06-14,1000000.00,emi,account_transfer,,,ebe1c271-7011-4854-9ade-836e325b0a4f,2025-12-14 10:58:37.386218+00,2025-12-14 10:58:37.386218+00
161ccca6-82d8-4711-83d1-8f38118fe683,fac11d1b-1e0b-48da-829b-f6fbf70fb0da,2025-10-24,150000.00,emi,cash,,,ebe1c271-7011-4854-9ade-836e325b0a4f,2025-12-15 09:51:57.159829+00,2025-12-15 09:51:57.159829+00
17079117-57d9-4247-8c04-c7ff8fa5708d,0c77042a-0633-4217-9851-c6581664ac20,2025-05-27,11000.00,token,upi,,,ebe1c271-7011-4854-9ade-836e325b0a4f,2025-12-14 11:29:12.066433+00,2025-12-14 11:29:12.066433+00
1713127a-bd62-4141-94fc-c9b3c2663801,356edbc1-015c-435f-b9ea-b70a760029ab,2025-06-02,73875.00,emi,cheque,,,ebe1c271-7011-4854-9ade-836e325b0a4f,2025-12-14 11:06:15.680892+00,2025-12-14 11:06:15.680892+00
17b3df0d-86f1-44d0-be0f-ec05663031a4,c9c349cc-2ed4-4edc-a4fe-e0d6caba7921,2025-08-04,1000000.00,emi,cash,,,ebe1c271-7011-4854-9ade-836e325b0a4f,2025-12-13 10:53:58.058953+00,2025-12-13 10:53:58.058953+00
1816051c-a79d-48b7-b970-7f46b3918507,09f4e894-827b-472f-9b2d-ccbd45f5e440,2025-10-29,80000.00,emi,cheque,,,ebe1c271-7011-4854-9ade-836e325b0a4f,2025-12-15 09:47:39.714182+00,2025-12-15 09:47:39.714182+00
1a2a5d0b-8ffb-4890-8c8a-e34d1afea722,51a28211-3f7f-4422-9b8d-3254b21b79b4,2026-02-06,24000.00,token,account_transfer,,This amount was transffered from Crystal City Project against discount given by Shishir Sir,ebe1c271-7011-4854-9ade-836e325b0a4f,2026-02-06 10:20:56.572115+00,2026-02-06 10:20:56.572115+00
1b2e61c1-9146-4f0b-9768-8f2a3949500f,0efcf82e-16db-431a-8587-b535c46599a2,2025-05-03,90000.00,booking,account_transfer,,,ebe1c271-7011-4854-9ade-836e325b0a4f,2025-12-15 08:10:49.818204+00,2025-12-15 08:10:49.818204+00
1beffe32-ba34-4700-bdf7-e7a6158cdcfe,12ceb8c3-5093-4e08-a17a-6fcf63ad310d,2025-01-07,3472200.00,loan_disbursement,account_transfer,,,ebe1c271-7011-4854-9ade-836e325b0a4f,2025-12-13 06:26:27.937412+00,2025-12-13 06:26:27.937412+00
1d11218f-3ff1-4d2b-b42a-2ea733425f7b,996cf4e0-90fb-426d-bc5e-1a27a065415f,2025-09-17,1000.00,token,upi,,,ebe1c271-7011-4854-9ade-836e325b0a4f,2025-12-14 11:41:31.07741+00,2025-12-14 11:41:31.07741+00
1d7907c8-1279-4dfe-9d3d-44df9142aa64,272e4692-91f9-407a-8134-5896b25c7f64,2025-07-09,70000.00,emi,upi,,,ebe1c271-7011-4854-9ade-836e325b0a4f,2025-12-14 07:24:22.58452+00,2025-12-14 07:24:22.58452+00
1f59f033-2697-4098-b18b-e5b109a569a6,149331be-d2c3-471c-847d-80ac9b4d8fec,2025-04-28,789500.00,emi,account_transfer,,,ebe1c271-7011-4854-9ade-836e325b0a4f,2025-12-15 05:46:36.102891+00,2025-12-15 05:46:36.102891+00
1f725bf9-c506-4c22-8f5c-8de86e9aa3e3,8af935d3-68a9-4da9-881b-e42cac0bb15f,2026-01-07,150000.00,booking,cash,,,ebe1c271-7011-4854-9ade-836e325b0a4f,2026-01-07 07:56:29.755868+00,2026-01-07 07:56:29.755868+00
1f7b849e-4426-4909-affb-8905da6a7e7a,c78e690c-66b1-4936-a980-aeb7707fa889,2025-04-14,5100.00,token,upi,,,ebe1c271-7011-4854-9ade-836e325b0a4f,2025-12-15 07:59:52.092986+00,2025-12-15 07:59:52.092986+00
20bcc65e-b515-4881-ab4c-3d88f755710b,09f4e894-827b-472f-9b2d-ccbd45f5e440,2026-01-08,50000.00,emi,upi,,,ebe1c271-7011-4854-9ade-836e325b0a4f,2026-01-08 07:24:26.961325+00,2026-01-08 07:24:26.961325+00
22504753-1595-4332-8ec0-7f35495abaf0,f080ba7e-8341-4515-93a0-ced73c4c8d24,2025-03-30,11000.00,token,upi,,,ebe1c271-7011-4854-9ade-836e325b0a4f,2025-12-14 06:23:52.069609+00,2025-12-14 06:23:52.069609+00
22ddcd07-c522-4337-9455-b86582dbb36e,b8859852-05dd-47ce-b7a6-8b07409bb107,2025-06-07,200000.00,booking,account_transfer,,,ebe1c271-7011-4854-9ade-836e325b0a4f,2025-12-14 10:56:55.011493+00,2025-12-14 10:56:55.011493+00
22f27fa0-6771-4a4a-bf19-79dd9af4d813,5e624c5d-480c-4b36-a3f3-2b423c6e20a6,2025-06-14,45000.00,emi,account_transfer,,,ebe1c271-7011-4854-9ade-836e325b0a4f,2025-12-13 06:18:02.218308+00,2025-12-13 06:18:02.218308+00
255fd221-359f-45ef-970e-b7b12c996688,00e73bb8-142e-4e3e-985f-72ef95c3189f,2025-09-07,300000.00,booking,account_transfer,,,ebe1c271-7011-4854-9ade-836e325b0a4f,2025-12-15 09:18:29.375674+00,2025-12-15 09:18:45.047732+00
25c3d749-4ec7-442b-83d5-2f04813622bc,0862f346-2529-4da5-a26f-026e5203e4f6,2025-05-18,50000.00,token,upi,,,ebe1c271-7011-4854-9ade-836e325b0a4f,2025-12-15 10:28:19.588757+00,2025-12-15 10:28:19.588757+00
2695f751-e1be-4121-9164-9a997b3c91ae,4bd4010a-2d62-4c02-aa31-5a8f89d17b1e,2025-10-24,166500.00,emi,cash,,,ebe1c271-7011-4854-9ade-836e325b0a4f,2025-12-15 09:56:59.087149+00,2025-12-15 09:56:59.087149+00
26c40011-909c-4657-99b9-2570d8755102,47caba99-f999-42f6-aef1-02761866cfab,2025-05-04,36000.00,emi,upi,,,ebe1c271-7011-4854-9ade-836e325b0a4f,2025-12-15 08:18:17.127523+00,2025-12-15 08:18:17.127523+00
27008fc9-112f-4f8f-88ef-44b701158dcf,b95c1795-4eb3-421f-bd96-83d48d5c7cff,2025-04-20,11000.00,token,upi,,,ebe1c271-7011-4854-9ade-836e325b0a4f,2025-12-15 08:05:31.841369+00,2025-12-15 08:05:31.841369+00
27990b77-94a9-4280-b500-46fd5c5ac8c0,db40b54a-8bb1-4a25-967f-9a030300ac9a,2025-05-01,11000.00,token,upi,,,ebe1c271-7011-4854-9ade-836e325b0a4f,2025-12-14 11:23:46.566737+00,2025-12-14 11:23:46.566737+00
2858c4ed-34a1-44b5-b65f-e1b14e71b44a,e187d382-d41c-4c06-81ac-76fd9a247447,2025-04-21,200000.00,emi,account_transfer,,,ebe1c271-7011-4854-9ade-836e325b0a4f,2025-12-13 07:32:16.174598+00,2025-12-13 07:32:16.174598+00
28975f59-844c-48f3-8c72-8e2b31ae38ae,ccfe7610-1604-4b4c-93ff-ee16f66461f7,2025-06-11,200000.00,emi,cash,,,ebe1c271-7011-4854-9ade-836e325b0a4f,2025-12-14 11:35:52.432605+00,2025-12-14 11:35:52.432605+00
28ad51a7-9f87-4d44-a4b0-16bfd8a06dc4,5e624c5d-480c-4b36-a3f3-2b423c6e20a6,2025-02-07,50000.00,booking,account_transfer,,,ebe1c271-7011-4854-9ade-836e325b0a4f,2025-12-13 06:13:08.240587+00,2025-12-13 06:13:08.240587+00
299b8d66-a965-4a9d-be67-90a867727ace,00b7b3da-9abe-4e8e-b47c-8b240dc67518,2025-04-08,11000.00,token,upi,,,ebe1c271-7011-4854-9ade-836e325b0a4f,2025-12-14 06:33:40.044953+00,2025-12-14 06:33:40.044953+00
29ba7509-f174-421c-aa89-ee7f5fa9a337,70e71f83-d4f1-493d-a4ed-a61c47d2e28f,2025-06-20,11000.00,token,upi,,,ebe1c271-7011-4854-9ade-836e325b0a4f,2025-12-14 11:37:34.493709+00,2025-12-14 11:37:34.493709+00
29c4baee-c023-4944-80ea-a32817fe68d7,09cf784a-5326-41cf-8c48-7b9dddf33c6c,2025-05-07,565000.00,booking,account_transfer,,,ebe1c271-7011-4854-9ade-836e325b0a4f,2025-12-14 08:23:32.073398+00,2025-12-14 08:23:32.073398+00
2a5ecaa9-96ae-41ee-86fd-53edac52be6c,09cf784a-5326-41cf-8c48-7b9dddf33c6c,2025-08-23,864000.00,emi,account_transfer,,,ebe1c271-7011-4854-9ade-836e325b0a4f,2025-12-14 09:04:57.177124+00,2025-12-14 09:04:57.177124+00
2ab83c53-74ee-42f4-a74e-e4455dab0c04,0c77042a-0633-4217-9851-c6581664ac20,2025-11-20,100000.00,emi,upi,,,ebe1c271-7011-4854-9ade-836e325b0a4f,2025-12-14 11:32:22.386269+00,2025-12-14 11:32:22.386269+00
2b1d24d6-22e5-45ce-bdb0-6aa11c28275b,272e4692-91f9-407a-8134-5896b25c7f64,2025-07-07,95000.00,emi,upi,,,ebe1c271-7011-4854-9ade-836e325b0a4f,2025-12-14 07:23:51.265197+00,2025-12-14 07:23:51.265197+00
2b4c67cd-0a26-41cd-9f7f-088db87d3eac,09f4e894-827b-472f-9b2d-ccbd45f5e440,2025-09-07,11000.00,token,upi,,,ebe1c271-7011-4854-9ade-836e325b0a4f,2025-12-15 09:45:37.547758+00,2025-12-15 09:45:37.547758+00
2ca6bb19-8cf3-449d-b554-aa7db03546c4,35500d7b-5f43-43ab-ba0d-e847e7f85e47,2026-02-14,95000.00,emi,upi,,,ebe1c271-7011-4854-9ade-836e325b0a4f,2026-02-14 11:11:15.356847+00,2026-02-14 11:11:15.356847+00
2cc433ef-5e9c-43da-a99b-559b37616759,00e73bb8-142e-4e3e-985f-72ef95c3189f,2025-09-07,138000.00,token,cheque,,,ebe1c271-7011-4854-9ade-836e325b0a4f,2025-12-15 09:18:00.185835+00,2025-12-15 09:18:00.185835+00
2e8c3834-1841-49e3-afdd-4162e8ff031a,3c3ff5ef-a1dc-473d-a59e-56c0f595de28,2025-04-21,264000.00,booking,cheque,,,ebe1c271-7011-4854-9ade-836e325b0a4f,2025-12-13 08:27:46.974645+00,2025-12-13 08:27:46.974645+00
2fb5e22b-d313-47ec-9b03-46f25b87a552,41a285e6-f26f-479d-a609-a10cdd4c60de,2025-04-18,5001.00,token,upi,,,ebe1c271-7011-4854-9ade-836e325b0a4f,2025-12-15 07:58:05.62198+00,2025-12-15 07:58:05.62198+00
2fc36822-b11a-442b-ba9a-33c981b9aa80,6411dff2-c0bb-4d58-8ee8-9f0e55338af0,2025-04-11,11000.00,token,upi,,,ebe1c271-7011-4854-9ade-836e325b0a4f,2025-12-15 10:25:32.601315+00,2025-12-15 10:25:32.601315+00
2fe31a3b-498b-47e4-bf62-4bacdc18cb0b,80a962d8-b72a-4ec7-9490-71cdcb0d5265,2025-02-08,803520.00,emi,account_transfer,,,ebe1c271-7011-4854-9ade-836e325b0a4f,2025-12-14 10:49:09.715751+00,2025-12-14 10:49:09.715751+00
30c697bb-8d73-45e9-9f57-507e4960bbe8,dcc20c6b-8855-4566-bf3f-34a9989f34da,2025-02-14,1582000.00,emi,cash,,Farmer,ebe1c271-7011-4854-9ade-836e325b0a4f,2025-12-13 06:53:07.542672+00,2025-12-13 06:53:07.542672+00
3129fa6f-c07c-44f8-bc75-54726fc7715d,35500d7b-5f43-43ab-ba0d-e847e7f85e47,2025-02-27,11000.00,token,upi,,,ebe1c271-7011-4854-9ade-836e325b0a4f,2025-12-14 06:06:20.152578+00,2025-12-14 06:06:20.152578+00
3168368b-0e76-440f-a605-cfad201234e9,c9c349cc-2ed4-4edc-a4fe-e0d6caba7921,2025-06-20,412500.00,token,account_transfer,,,ebe1c271-7011-4854-9ade-836e325b0a4f,2025-12-13 10:52:14.619715+00,2025-12-13 10:52:14.619715+00
317afb35-2552-4aa0-b3c4-cb7564f5768b,6b74f611-ee2e-449b-8658-5934c2eface1,2026-01-08,11000.00,token,upi,,,ebe1c271-7011-4854-9ade-836e325b0a4f,2026-01-09 05:35:02.482161+00,2026-01-09 05:35:02.482161+00
31ada032-c952-4212-a2aa-0e881c80c689,996cf4e0-90fb-426d-bc5e-1a27a065415f,2026-02-06,24000.00,emi,cash,,Discount given by Shishir Sir against booking in VGC 3000 sqft,ebe1c271-7011-4854-9ade-836e325b0a4f,2026-02-06 07:46:35.617242+00,2026-02-06 07:46:35.617242+00
32ede150-fe6e-4c13-b7cc-17e0975ff388,09f4e894-827b-472f-9b2d-ccbd45f5e440,2025-10-23,45000.00,booking,cash,,,ebe1c271-7011-4854-9ade-836e325b0a4f,2025-12-15 09:46:22.368558+00,2025-12-15 09:46:22.368558+00
340fa910-5865-4640-803f-72eed596aa4a,21dcf0d9-f4d3-45e8-8db2-30318a21a5d6,2025-10-07,100000.00,emi,account_transfer,,,ebe1c271-7011-4854-9ade-836e325b0a4f,2025-12-13 08:21:26.370593+00,2025-12-13 08:21:26.370593+00
34bc94f6-bf0d-48e0-9846-2ec69a8e9aa0,09f4e894-827b-472f-9b2d-ccbd45f5e440,2025-10-24,255000.00,emi,cheque,,,ebe1c271-7011-4854-9ade-836e325b0a4f,2025-12-15 09:47:15.44669+00,2025-12-15 09:47:15.44669+00
359228f5-06df-4bf2-8ed3-1bf9a9a73a8a,35500d7b-5f43-43ab-ba0d-e847e7f85e47,2026-02-07,95000.00,emi,upi,,,ebe1c271-7011-4854-9ade-836e325b0a4f,2026-02-07 11:03:59.31331+00,2026-02-07 11:03:59.31331+00
36a7b8e6-3142-4b7d-8a59-ea9ce93ce419,66df581d-77ad-422f-b408-44190ac3da9b,2025-08-20,20000.00,emi,cash,,,ebe1c271-7011-4854-9ade-836e325b0a4f,2025-12-14 07:06:51.421231+00,2025-12-14 07:06:51.421231+00
36b9a8a2-3dab-41ab-ba48-15c83b7961c7,ad365462-e433-44c0-bf83-18e542aee9fa,2025-05-09,30000.00,token,cash,,,ebe1c271-7011-4854-9ade-836e325b0a4f,2025-12-14 11:25:57.466613+00,2025-12-14 11:25:57.466613+00
3735c515-7f43-4187-a240-b5568a0ff27d,7f3c8fbd-7172-4291-af36-4b70bcd8d9ff,2025-04-11,95000.00,booking,account_transfer,,,ebe1c271-7011-4854-9ade-836e325b0a4f,2025-12-13 07:35:28.282643+00,2025-12-13 07:35:28.282643+00
387f7d22-6f2d-4951-aa55-9cbcee73e1e2,3c3ff5ef-a1dc-473d-a59e-56c0f595de28,2025-04-10,11000.00,token,cash,,,ebe1c271-7011-4854-9ade-836e325b0a4f,2025-12-13 08:27:24.389327+00,2025-12-13 08:27:24.389327+00
39ab1c6c-3d9a-4ee2-bd2e-04d0ce41ab61,4cf923bd-0ff1-4363-bc01-dfaab468f05f,2025-05-05,67875.00,emi,cheque,,,ebe1c271-7011-4854-9ade-836e325b0a4f,2025-12-15 06:41:09.230983+00,2025-12-15 06:41:09.230983+00
39e00704-f927-4649-a7a6-db924a87fee6,8eba0442-c900-4a5c-a6f3-8de3da918b0d,2025-03-13,21000.00,token,account_transfer,,,ebe1c271-7011-4854-9ade-836e325b0a4f,2025-12-14 11:15:08.777431+00,2025-12-14 11:15:08.777431+00
3a1cf63b-f8b0-49ba-82dd-4fb7ff1264ad,17252bd2-de12-44b8-afff-9d14f906e5ec,2025-08-16,11000.00,token,cash,,,ebe1c271-7011-4854-9ade-836e325b0a4f,2025-12-14 09:07:05.957848+00,2025-12-14 09:07:05.957848+00
3b3ae066-d9a0-469e-95c0-61d38a2b62e0,149331be-d2c3-471c-847d-80ac9b4d8fec,2025-04-15,160000.00,emi,account_transfer,,,ebe1c271-7011-4854-9ade-836e325b0a4f,2025-12-15 05:45:17.025171+00,2025-12-15 05:45:17.025171+00
3c184a24-d3fb-4ca0-9ad7-e8d6c614a850,c9c349cc-2ed4-4edc-a4fe-e0d6caba7921,2025-08-06,2187500.00,emi,account_transfer,,,ebe1c271-7011-4854-9ade-836e325b0a4f,2025-12-13 10:56:21.433301+00,2025-12-13 10:56:21.433301+00
3d02f680-3931-4651-bd62-64124f3e20e3,8eba0442-c900-4a5c-a6f3-8de3da918b0d,2025-05-04,500000.00,emi,account_transfer,,,ebe1c271-7011-4854-9ade-836e325b0a4f,2025-12-14 11:17:23.241545+00,2025-12-14 11:17:23.241545+00
3d438ca1-f27e-4282-a2a9-da77e5fc7960,35500d7b-5f43-43ab-ba0d-e847e7f85e47,2025-04-08,229000.00,booking,cheque,,,ebe1c271-7011-4854-9ade-836e325b0a4f,2025-12-14 06:06:57.594193+00,2025-12-14 06:06:57.594193+00
3d746092-c04f-4355-9e5f-a3c213a007e6,8c732ce4-e409-4f2f-a4ff-29edcb1fb3a9,2025-11-18,49000.00,booking,upi,,,ebe1c271-7011-4854-9ade-836e325b0a4f,2026-02-20 06:13:56.631635+00,2026-02-20 06:13:56.631635+00
3ddce55d-5db1-4014-8699-8b32f14dd55f,6ec4f3c6-1fa1-4c23-a905-10d9d242ea40,2025-10-02,11001.00,token,upi,,,ebe1c271-7011-4854-9ade-836e325b0a4f,2025-12-15 10:18:12.526809+00,2025-12-15 10:18:12.526809+00
3e00ddd8-41cc-453c-bf71-07c15da32ad1,272e4692-91f9-407a-8134-5896b25c7f64,2025-12-06,99000.00,emi,upi,,,ebe1c271-7011-4854-9ade-836e325b0a4f,2025-12-14 07:26:43.725004+00,2025-12-14 07:26:43.725004+00
41bc579f-93b1-4b95-9a3e-f62034d1a01e,996cf4e0-90fb-426d-bc5e-1a27a065415f,2025-12-22,1250000.00,emi,cash,,,ebe1c271-7011-4854-9ade-836e325b0a4f,2025-12-22 10:18:03.020752+00,2025-12-22 10:18:03.020752+00
41c004fd-9ec0-4587-bfeb-f821a6f9a857,32af08e7-c241-47b7-a84f-c20a1e5b2058,2025-08-08,11000.00,token,upi,,,ebe1c271-7011-4854-9ade-836e325b0a4f,2025-12-13 11:42:53.42424+00,2025-12-13 11:42:53.42424+00
42569ee4-b31c-48e0-abf0-77ecfb5688a9,b9b774a1-3786-4b37-ae6d-c50e16b9652b,2025-10-12,130000.00,emi,cash,,,ebe1c271-7011-4854-9ade-836e325b0a4f,2025-12-15 10:37:59.331661+00,2025-12-15 10:37:59.331661+00
42899c35-936b-4930-93cd-156af5e1d69f,70e71f83-d4f1-493d-a4ed-a61c47d2e28f,2025-12-20,514000.00,emi,account_transfer,,,ebe1c271-7011-4854-9ade-836e325b0a4f,2025-12-20 07:12:54.986545+00,2025-12-20 07:12:54.986545+00
438c3cba-f8a1-4c84-aae3-d1fe60af4c74,1eab0831-af82-4939-bf71-230ee0973030,2025-05-02,50000.00,emi,cash,,,ebe1c271-7011-4854-9ade-836e325b0a4f,2025-12-13 09:46:00.41675+00,2025-12-13 09:46:00.41675+00
43f97dfa-699d-4956-b46e-62f3c02d053f,66df581d-77ad-422f-b408-44190ac3da9b,2025-04-16,189000.00,booking,cheque,,,ebe1c271-7011-4854-9ade-836e325b0a4f,2025-12-14 07:05:32.551325+00,2025-12-14 07:05:32.551325+00
445404e0-1520-4bd2-989c-7d4682779a7e,a21210e0-7a47-4586-8a94-efdd4d06ba60,2026-02-21,35000.00,token,upi,,,ebe1c271-7011-4854-9ade-836e325b0a4f,2026-02-21 12:01:24.586523+00,2026-02-21 12:01:24.586523+00
44972307-8e00-40da-9723-d24118e9352d,7f3c8fbd-7172-4291-af36-4b70bcd8d9ff,2025-03-13,10000.00,token,account_transfer,,,ebe1c271-7011-4854-9ade-836e325b0a4f,2025-12-13 07:34:27.757269+00,2025-12-13 07:34:27.757269+00
4527d39f-461e-44e5-be61-fcadec9d4714,8eba0442-c900-4a5c-a6f3-8de3da918b0d,2025-06-23,100000.00,emi,account_transfer,,,ebe1c271-7011-4854-9ade-836e325b0a4f,2025-12-14 11:19:59.314938+00,2025-12-14 11:19:59.314938+00
45951910-0c6e-463c-85a1-6dd2c3b30010,149331be-d2c3-471c-847d-80ac9b4d8fec,2025-02-24,222500.00,booking,account_transfer,,,ebe1c271-7011-4854-9ade-836e325b0a4f,2025-12-15 05:43:16.851545+00,2025-12-15 05:43:16.851545+00
484de569-cb6e-437f-8e91-e29e67847197,70e71f83-d4f1-493d-a4ed-a61c47d2e28f,2026-02-21,300000.00,emi,account_transfer,,,ebe1c271-7011-4854-9ade-836e325b0a4f,2026-02-21 10:11:53.193041+00,2026-02-21 10:11:53.193041+00
48a10acf-39fc-4e9e-86bc-001f6cc2e237,21dcf0d9-f4d3-45e8-8db2-30318a21a5d6,2025-07-04,100000.00,emi,account_transfer,,,ebe1c271-7011-4854-9ade-836e325b0a4f,2025-12-13 08:20:33.725594+00,2025-12-13 08:20:33.725594+00
48e0879b-d239-40e1-9acf-f95e0ccd2108,4bd4010a-2d62-4c02-aa31-5a8f89d17b1e,2025-10-29,21000.00,token,upi,,,ebe1c271-7011-4854-9ade-836e325b0a4f,2025-12-15 09:55:58.883956+00,2025-12-15 09:55:58.883956+00
48f9facb-7124-4846-b8f2-fe92266f9020,09cf784a-5326-41cf-8c48-7b9dddf33c6c,2025-10-24,864000.00,emi,account_transfer,,,ebe1c271-7011-4854-9ade-836e325b0a4f,2025-12-14 09:05:41.593684+00,2025-12-14 09:05:41.593684+00
4930c895-f265-45e1-aadc-b88cd1f9e16a,6ec4f3c6-1fa1-4c23-a905-10d9d242ea40,2026-01-31,69000.00,booking,upi,,,ebe1c271-7011-4854-9ade-836e325b0a4f,2026-01-31 06:25:41.605602+00,2026-01-31 06:25:41.605602+00
4b1e5492-019e-44b3-9605-3a1e44574580,c5f0fd7d-0730-4af5-a32b-d2db27267216,2026-01-07,11000.00,token,upi,,,ebe1c271-7011-4854-9ade-836e325b0a4f,2026-01-08 06:00:02.869003+00,2026-01-08 06:00:02.869003+00
4d6dee1c-a4f4-462a-a258-4cebaa708f84,fd8f9f76-4219-43f5-8b1e-6ff67647ffe8,2025-07-03,65000.00,emi,upi,,,ebe1c271-7011-4854-9ade-836e325b0a4f,2025-12-14 07:19:38.030954+00,2025-12-14 07:19:38.030954+00
4d7ab5f0-916b-4e76-be42-3f8e2083b9f5,d812159e-ae16-4ea3-8ba1-9be6496ee57f,2025-10-31,51000.00,token,cash,,,ebe1c271-7011-4854-9ade-836e325b0a4f,2025-12-15 10:16:10.427858+00,2025-12-15 10:16:10.427858+00
4d7b96e2-7033-4ebc-9036-affa0ba92788,21dcf0d9-f4d3-45e8-8db2-30318a21a5d6,2025-10-08,100000.00,emi,account_transfer,,,ebe1c271-7011-4854-9ade-836e325b0a4f,2025-12-13 08:21:41.783842+00,2025-12-13 08:21:41.783842+00
4da25001-b5a7-44fe-aad6-d7f827b79de5,6411dff2-c0bb-4d58-8ee8-9f0e55338af0,2025-04-28,544000.00,booking,account_transfer,,,ebe1c271-7011-4854-9ade-836e325b0a4f,2025-12-15 10:26:18.769839+00,2025-12-15 10:26:18.769839+00
4f2915ed-53a9-49d3-a7ec-58641640eee0,6b74f611-ee2e-449b-8658-5934c2eface1,2026-02-08,200000.00,emi,cheque,,,ebe1c271-7011-4854-9ade-836e325b0a4f,2026-02-08 11:11:03.243548+00,2026-02-08 11:11:03.243548+00
4f840ecd-4416-4cfb-90f7-f18ff126648a,af04ef2b-e5b6-46bd-ac31-a5971c97b0ee,2025-08-06,1250000.00,emi,cash,,,ebe1c271-7011-4854-9ade-836e325b0a4f,2025-12-13 11:02:52.51263+00,2025-12-13 11:02:52.51263+00
4f9dbeb1-2eda-4c8d-a9a4-ef6f01570340,ed649167-541b-41a8-b6ec-aa02520dd2e7,2025-08-16,11000.00,token,upi,,,ebe1c271-7011-4854-9ade-836e325b0a4f,2025-12-14 09:17:39.281961+00,2025-12-14 09:17:39.281961+00
519c0e90-ae0a-4a5b-9464-c7a0d74c2f59,80a962d8-b72a-4ec7-9490-71cdcb0d5265,2025-05-19,500000.00,emi,account_transfer,,,ebe1c271-7011-4854-9ade-836e325b0a4f,2025-12-14 10:51:51.301063+00,2025-12-14 10:51:51.301063+00
51c3a729-54bd-4c35-b4f2-fdd49f3f1295,1eab0831-af82-4939-bf71-230ee0973030,2025-05-23,50000.00,emi,account_transfer,,,ebe1c271-7011-4854-9ade-836e325b0a4f,2025-12-13 09:46:35.153832+00,2025-12-13 09:46:35.153832+00
52b16b4d-b8e4-444d-b490-4e3719540689,8883e08e-6085-4516-a9cf-afe421a8090a,2025-03-26,11000.00,token,upi,,,ebe1c271-7011-4854-9ade-836e325b0a4f,2025-12-13 08:00:51.563894+00,2025-12-13 08:00:51.563894+00
535d48b1-c4c3-41a1-8302-15d616be8ab4,54f39b6d-fa6a-44ec-a8ea-1958894a92ca,2025-05-12,50000.00,emi,upi,,,ebe1c271-7011-4854-9ade-836e325b0a4f,2025-12-14 07:02:18.156756+00,2025-12-14 07:02:18.156756+00
53731bd0-0de9-42d8-acc7-968ce53ee5de,996cf4e0-90fb-426d-bc5e-1a27a065415f,2026-02-06,1450000.00,emi,cash,,,ebe1c271-7011-4854-9ade-836e325b0a4f,2026-02-06 07:45:12.376262+00,2026-02-06 07:45:12.376262+00
5388532d-0977-4429-b96b-68f021ad4cff,8eba0442-c900-4a5c-a6f3-8de3da918b0d,2025-04-09,100000.00,booking,account_transfer,,,ebe1c271-7011-4854-9ade-836e325b0a4f,2025-12-14 11:15:36.938792+00,2025-12-14 11:15:36.938792+00
550baa76-2284-4418-b512-878a3f14c16a,272e4692-91f9-407a-8134-5896b25c7f64,2025-07-02,1500000.00,emi,account_transfer,,,ebe1c271-7011-4854-9ade-836e325b0a4f,2025-12-14 07:22:57.545032+00,2025-12-14 07:22:57.545032+00
550bd405-40d8-4927-bd94-a007d57bc321,00b7b3da-9abe-4e8e-b47c-8b240dc67518,2025-05-14,94000.00,emi,account_transfer,,,ebe1c271-7011-4854-9ade-836e325b0a4f,2025-12-14 06:34:53.199574+00,2025-12-14 06:34:53.199574+00
563f7a17-a0e9-42b4-9ee0-4ad986f0315d,149f948a-5e36-4644-872a-6bdfc51c5922,2025-10-18,11000.00,token,upi,,,ebe1c271-7011-4854-9ade-836e325b0a4f,2025-12-14 09:25:38.519344+00,2025-12-14 09:25:38.519344+00
56bd6537-5443-48a6-b5d7-5062fdf0de92,6e8cdeeb-92f5-4e23-b975-a0b86dbe34f9,2025-10-29,21000.00,token,upi,,,ebe1c271-7011-4854-9ade-836e325b0a4f,2025-12-15 09:53:29.198696+00,2025-12-15 09:53:29.198696+00
575720a4-a532-4713-b450-904c14ad2e58,b7943701-cadd-46e6-af68-b845c2408c24,2025-10-09,50000.00,token,cash,,,ebe1c271-7011-4854-9ade-836e325b0a4f,2025-12-13 10:45:16.402567+00,2025-12-13 10:45:16.402567+00
57eca0e9-5630-4e7e-912e-1fb66c813fa1,6be0399a-5d07-4bfa-a029-75180ad850f7,2025-04-30,24000.00,booking,account_transfer,,,ebe1c271-7011-4854-9ade-836e325b0a4f,2025-12-13 09:49:44.306862+00,2025-12-13 09:49:44.306862+00
58f5f155-ea52-4dc6-8bd6-01af0a0acb2d,0efcf82e-16db-431a-8587-b535c46599a2,2026-02-19,440000.00,emi,cheque,,,ebe1c271-7011-4854-9ade-836e325b0a4f,2026-02-20 07:05:10.237357+00,2026-02-20 07:05:10.237357+00
59ff3dab-e4a7-43ff-ad66-cb586a46544b,356edbc1-015c-435f-b9ea-b70a760029ab,2025-05-05,73875.00,emi,cheque,,,ebe1c271-7011-4854-9ade-836e325b0a4f,2025-12-14 11:05:56.166337+00,2025-12-14 11:05:56.166337+00
5a1ca118-4ee2-4570-84ec-869ffd933c9f,cb2b791a-547f-4168-be2c-4b0f8e6243fe,2024-12-18,200000.00,booking,account_transfer,,,ebe1c271-7011-4854-9ade-836e325b0a4f,2025-12-12 07:42:49.925206+00,2025-12-12 07:42:49.925206+00
5a20e1b8-6694-4b2e-b7cc-60e963240cc3,b9b774a1-3786-4b37-ae6d-c50e16b9652b,2025-08-31,50000.00,booking,account_transfer,,,ebe1c271-7011-4854-9ade-836e325b0a4f,2025-12-15 10:35:20.336105+00,2025-12-15 10:37:31.783335+00
5b6fc7de-7706-42cc-9cfd-be2422ce012d,4cf923bd-0ff1-4363-bc01-dfaab468f05f,2025-06-02,67875.00,emi,cheque,,,ebe1c271-7011-4854-9ade-836e325b0a4f,2025-12-15 06:41:36.198338+00,2025-12-15 06:41:36.198338+00
5b7a896f-e950-440b-b23d-24516d804d54,09f4e894-827b-472f-9b2d-ccbd45f5e440,2026-01-10,50000.00,emi,account_transfer,,,ebe1c271-7011-4854-9ade-836e325b0a4f,2026-01-10 06:31:33.290755+00,2026-01-10 06:31:33.290755+00
5cf6d035-775f-4098-a874-5cf8d4e1380c,dcc20c6b-8855-4566-bf3f-34a9989f34da,2025-02-22,22600.00,emi,cash,,,ebe1c271-7011-4854-9ade-836e325b0a4f,2025-12-13 06:53:42.519608+00,2025-12-13 06:53:42.519608+00
5d20316c-283d-404e-a2d9-da73b0873050,8c732ce4-e409-4f2f-a4ff-29edcb1fb3a9,2025-11-18,67000.00,booking,upi,,,ebe1c271-7011-4854-9ade-836e325b0a4f,2026-02-20 06:14:22.929688+00,2026-02-20 06:14:22.929688+00
5e68d501-0822-4e25-825a-59d9be8bbefb,54f39b6d-fa6a-44ec-a8ea-1958894a92ca,2025-05-14,71000.00,emi,account_transfer,,,ebe1c271-7011-4854-9ade-836e325b0a4f,2025-12-14 07:02:46.941586+00,2025-12-14 07:02:46.941586+00
609c13ae-8ce0-4ccd-b137-76791bfa9494,75720f43-4c21-4e0c-8e9b-1219e7814b6d,2025-09-06,11000.00,token,upi,,,ebe1c271-7011-4854-9ade-836e325b0a4f,2025-12-13 11:45:02.609435+00,2025-12-13 11:45:02.609435+00
61258551-cae1-435c-9233-d3d0e8c666ea,356edbc1-015c-435f-b9ea-b70a760029ab,2025-03-30,73000.00,booking,cheque,,,ebe1c271-7011-4854-9ade-836e325b0a4f,2025-12-14 11:05:34.568195+00,2025-12-14 11:05:34.568195+00
61eae3be-b7fb-45e9-a50f-77223a756323,21dcf0d9-f4d3-45e8-8db2-30318a21a5d6,2026-01-10,95000.00,emi,upi,,,ebe1c271-7011-4854-9ade-836e325b0a4f,2026-02-02 06:28:41.048389+00,2026-02-02 06:28:41.048389+00
6763cf6e-5b44-4156-9a23-6aa79761779b,8eba0442-c900-4a5c-a6f3-8de3da918b0d,2025-06-08,100000.00,emi,cash,,,ebe1c271-7011-4854-9ade-836e325b0a4f,2025-12-14 11:19:12.298292+00,2025-12-14 11:19:12.298292+00
679c3cbb-3840-41f5-9b62-5cd54dd08d7e,272e4692-91f9-407a-8134-5896b25c7f64,2025-11-26,99000.00,emi,upi,,,ebe1c271-7011-4854-9ade-836e325b0a4f,2025-12-14 07:25:04.219428+00,2025-12-14 07:25:04.219428+00
685df851-c8ca-4d8f-bcfd-08227000bbc8,0a6cf3d8-6ead-46eb-bee8-73bb1356356e,2025-05-04,4000.00,emi,cash,,,ebe1c271-7011-4854-9ade-836e325b0a4f,2025-12-15 08:14:30.999938+00,2025-12-15 08:14:30.999938+00
68817c11-c6d9-493f-8c80-729992d86fb8,b9b774a1-3786-4b37-ae6d-c50e16b9652b,2025-09-04,149000.00,emi,account_transfer,,,ebe1c271-7011-4854-9ade-836e325b0a4f,2025-12-15 10:37:06.364271+00,2025-12-15 10:37:06.364271+00
6af55719-0489-4e78-82e6-2381f75eafec,5e624c5d-480c-4b36-a3f3-2b423c6e20a6,2025-06-17,12000.00,emi,account_transfer,,,ebe1c271-7011-4854-9ade-836e325b0a4f,2025-12-13 06:18:43.322349+00,2025-12-13 06:18:43.322349+00
6b0f05c3-4c08-48a5-941f-0197c4b0bca6,58b979ef-f045-4592-a8cf-a3f0030d3385,2024-12-01,21000.00,token,upi,,,ebe1c271-7011-4854-9ade-836e325b0a4f,2025-12-14 07:51:20.311066+00,2025-12-14 07:51:20.311066+00
6bbe72a3-57af-44b3-9083-f435ed2c684b,0efcf82e-16db-431a-8587-b535c46599a2,2025-05-02,130000.00,booking,account_transfer,,,ebe1c271-7011-4854-9ade-836e325b0a4f,2025-12-15 08:10:19.031489+00,2025-12-15 08:10:19.031489+00
6bfb5ead-357b-4a3c-b47e-578a04182f95,35500d7b-5f43-43ab-ba0d-e847e7f85e47,2026-02-18,95000.00,emi,upi,,,ebe1c271-7011-4854-9ade-836e325b0a4f,2026-02-20 05:32:09.845997+00,2026-02-20 05:32:09.845997+00
6cb9a82a-2601-47c6-ac15-2f4da487a638,0891d327-99fb-4850-b5c2-a72452a91dbf,2025-06-11,30000.00,booking,cash,,,ebe1c271-7011-4854-9ade-836e325b0a4f,2025-12-13 10:11:07.335112+00,2025-12-13 10:30:36.016114+00
6d78667b-d062-4883-b752-06e03e6415f3,6d18421c-1943-4641-a74b-b24ed8eafad2,2025-09-08,427000.00,booking,account_transfer,,,ebe1c271-7011-4854-9ade-836e325b0a4f,2025-12-15 09:21:49.621684+00,2025-12-15 09:21:49.621684+00
6de3a7ab-1130-4807-89b4-08c9f10cba18,7f3c8fbd-7172-4291-af36-4b70bcd8d9ff,2025-04-09,90000.00,booking,account_transfer,,,ebe1c271-7011-4854-9ade-836e325b0a4f,2025-12-13 07:34:53.960452+00,2025-12-13 07:34:53.960452+00
6e9156c0-3d0e-4833-99da-e529be4b2ebc,54f39b6d-fa6a-44ec-a8ea-1958894a92ca,2025-04-10,11000.00,token,upi,,,ebe1c271-7011-4854-9ade-836e325b0a4f,2025-12-14 07:00:47.63041+00,2025-12-14 07:00:47.63041+00
6ee9720b-5693-44ce-9f34-71e0a2729b77,66df581d-77ad-422f-b408-44190ac3da9b,2025-07-20,80000.00,emi,upi,,,ebe1c271-7011-4854-9ade-836e325b0a4f,2025-12-14 07:06:17.184313+00,2025-12-14 07:06:17.184313+00
6f3db8e4-ade1-4ab8-a7f4-fc632584c1e4,ccfe7610-1604-4b4c-93ff-ee16f66461f7,2025-06-11,39000.00,booking,upi,,,ebe1c271-7011-4854-9ade-836e325b0a4f,2025-12-14 11:35:33.090688+00,2025-12-14 11:35:33.090688+00
6fb98e4c-9282-4a72-9a34-d04d6653e8fc,6be0399a-5d07-4bfa-a029-75180ad850f7,2025-07-02,50000.00,booking,account_transfer,,,ebe1c271-7011-4854-9ade-836e325b0a4f,2025-12-13 09:50:33.385947+00,2025-12-13 09:50:33.385947+00
6fe5b326-503d-4a9a-8b05-975d61cb6f3b,149331be-d2c3-471c-847d-80ac9b4d8fec,2025-02-16,10000.00,token,upi,,,ebe1c271-7011-4854-9ade-836e325b0a4f,2025-12-15 05:42:53.91691+00,2025-12-15 05:42:53.91691+00
705621fc-8e0b-4000-93b6-eb700bd3f7da,4cf923bd-0ff1-4363-bc01-dfaab468f05f,2025-03-30,30000.00,emi,cheque,,,ebe1c271-7011-4854-9ade-836e325b0a4f,2025-12-15 06:40:41.545798+00,2025-12-15 06:40:41.545798+00
70a42232-086a-4bff-b64e-67a24e6bc23d,b8859852-05dd-47ce-b7a6-8b07409bb107,2025-07-01,638000.00,emi,account_transfer,,,ebe1c271-7011-4854-9ade-836e325b0a4f,2025-12-14 10:59:05.028505+00,2025-12-14 10:59:05.028505+00
71fb061f-eb03-4a1c-9b60-78a742e7bf79,21dcf0d9-f4d3-45e8-8db2-30318a21a5d6,2025-07-13,100000.00,emi,account_transfer,,,ebe1c271-7011-4854-9ade-836e325b0a4f,2025-12-13 08:20:49.119217+00,2025-12-13 08:20:49.119217+00
71fb84e9-280a-4bbb-a067-b3bd9164d75b,0c77042a-0633-4217-9851-c6581664ac20,2025-11-18,50000.00,emi,upi,,,ebe1c271-7011-4854-9ade-836e325b0a4f,2025-12-14 11:32:02.378269+00,2025-12-14 11:32:02.378269+00
7292b1bb-995f-46ce-8eec-f505c8654dcf,7768cf2b-4e02-4270-9a53-f1dd1eb701bc,2025-08-06,3069000.00,booking,cash,,,ebe1c271-7011-4854-9ade-836e325b0a4f,2025-12-13 10:40:22.731292+00,2025-12-13 10:40:22.731292+00
72b0c907-5515-4664-8373-977b47f9062c,981a84c7-2147-4d82-931c-76fb637f97c6,2025-12-24,500000.00,emi,cash,,,ebe1c271-7011-4854-9ade-836e325b0a4f,2025-12-24 10:10:19.409309+00,2025-12-24 10:10:19.409309+00
72e75da7-20dc-4670-a4a9-2421e5025c21,80a962d8-b72a-4ec7-9490-71cdcb0d5265,2025-01-09,803520.00,emi,account_transfer,,,ebe1c271-7011-4854-9ade-836e325b0a4f,2025-12-14 10:48:32.938385+00,2025-12-14 10:48:32.938385+00
7353a7e6-f17b-4c06-b022-925395c05a83,c7d934c3-a696-4d65-88a1-3572f827857d,2025-11-01,389000.00,booking,account_transfer,,,ebe1c271-7011-4854-9ade-836e325b0a4f,2025-12-14 09:23:16.200308+00,2025-12-14 09:23:16.200308+00
7371240d-0807-415f-9b8d-ab9e43510c96,272e4692-91f9-407a-8134-5896b25c7f64,2025-07-05,95000.00,emi,upi,,,ebe1c271-7011-4854-9ade-836e325b0a4f,2025-12-14 07:23:24.980021+00,2025-12-14 07:23:24.980021+00
73905a47-7a2a-487e-a9ab-176403906374,80a962d8-b72a-4ec7-9490-71cdcb0d5265,2025-05-05,500000.00,emi,account_transfer,,,ebe1c271-7011-4854-9ade-836e325b0a4f,2025-12-14 10:50:35.976295+00,2025-12-14 10:50:35.976295+00
74470c31-a70f-4781-bfae-c8dac8276343,272e4692-91f9-407a-8134-5896b25c7f64,2025-05-25,229000.00,booking,upi,,,ebe1c271-7011-4854-9ade-836e325b0a4f,2025-12-14 07:22:30.743034+00,2025-12-14 07:22:30.743034+00
7580d0c0-eb65-4d4d-9591-0d03b2c7dd3b,58b979ef-f045-4592-a8cf-a3f0030d3385,2024-12-05,500000.00,booking,account_transfer,,,ebe1c271-7011-4854-9ade-836e325b0a4f,2025-12-14 07:51:50.044783+00,2025-12-14 07:51:50.044783+00
75ac2b67-a1ab-4b2b-b2be-74c7e957194b,0a6cf3d8-6ead-46eb-bee8-73bb1356356e,2025-04-30,197000.00,booking,account_transfer,,,ebe1c271-7011-4854-9ade-836e325b0a4f,2025-12-15 08:13:23.255232+00,2025-12-15 08:13:23.255232+00
76286faa-27d4-47aa-b23f-8a1c160d0953,21dcf0d9-f4d3-45e8-8db2-30318a21a5d6,2026-01-16,60000.00,emi,upi,,,ebe1c271-7011-4854-9ade-836e325b0a4f,2026-02-02 06:29:05.989194+00,2026-02-02 06:29:05.989194+00
77193198-7455-413e-bcf2-935662b415c0,0a6cf3d8-6ead-46eb-bee8-73bb1356356e,2025-04-23,21000.00,token,upi,,,ebe1c271-7011-4854-9ade-836e325b0a4f,2025-12-15 08:12:49.188602+00,2025-12-15 08:12:49.188602+00
781318ce-1ed3-4526-9de0-3d0b71702a6d,54f39b6d-fa6a-44ec-a8ea-1958894a92ca,2026-02-13,50000.00,emi,upi,,,ebe1c271-7011-4854-9ade-836e325b0a4f,2026-02-13 05:18:52.451383+00,2026-02-13 05:18:52.451383+00
78356448-58b9-4ac5-8258-a6514be5f3dc,6be0399a-5d07-4bfa-a029-75180ad850f7,2025-11-19,75000.00,emi,upi,,,ebe1c271-7011-4854-9ade-836e325b0a4f,2026-02-02 06:26:25.810577+00,2026-02-02 06:26:25.810577+00
797a4232-eb20-4e9b-9ad6-0aa9c814887e,811e184e-a68e-403f-a1b5-b5e218958f61,2025-06-11,100000.00,booking,account_transfer,,,ebe1c271-7011-4854-9ade-836e325b0a4f,2025-12-14 06:19:37.450986+00,2025-12-14 06:19:37.450986+00
7a146245-d6a6-401b-82cb-34c2328ee5bb,4cf923bd-0ff1-4363-bc01-dfaab468f05f,2025-02-28,5000.00,token,upi,,,ebe1c271-7011-4854-9ade-836e325b0a4f,2025-12-15 06:39:47.787729+00,2025-12-15 06:39:47.787729+00
7b9911eb-e7c6-46f2-9cec-ca5671010025,8eba0442-c900-4a5c-a6f3-8de3da918b0d,2025-04-27,50000.00,emi,account_transfer,,,ebe1c271-7011-4854-9ade-836e325b0a4f,2025-12-14 11:16:21.973167+00,2025-12-14 11:16:21.973167+00
7c63566d-e17b-4161-9bb6-722fe0e43a33,8eba0442-c900-4a5c-a6f3-8de3da918b0d,2026-02-10,500000.00,emi,account_transfer,,Transfer to Farmer' Account,ebe1c271-7011-4854-9ade-836e325b0a4f,2026-02-11 05:43:21.445911+00,2026-02-11 05:43:21.445911+00
7dcfa2da-b233-46f9-bd01-41528d6b0602,7768cf2b-4e02-4270-9a53-f1dd1eb701bc,2025-08-24,50500.00,emi,cash,,,ebe1c271-7011-4854-9ade-836e325b0a4f,2025-12-13 10:42:06.941629+00,2025-12-13 10:42:06.941629+00
7ecaf06d-ac2e-4be8-9d92-519fe22c2edc,54f39b6d-fa6a-44ec-a8ea-1958894a92ca,2026-02-18,90000.00,emi,upi,,,ebe1c271-7011-4854-9ade-836e325b0a4f,2026-02-20 05:31:31.28534+00,2026-02-20 05:31:31.28534+00
80123cef-a4fa-4e8b-ac31-b41e7f21ec1a,c6102bc9-03e3-4396-8cf5-d3273daafdd9,2025-04-29,500000.00,booking,account_transfer,,,ebe1c271-7011-4854-9ade-836e325b0a4f,2025-12-13 10:01:43.47706+00,2025-12-13 10:01:43.47706+00
817d8259-c5d3-46f8-854d-fdac756b6aa1,8eba0442-c900-4a5c-a6f3-8de3da918b0d,2025-07-02,100000.00,emi,account_transfer,,,ebe1c271-7011-4854-9ade-836e325b0a4f,2025-12-14 11:20:23.639843+00,2025-12-14 11:20:23.639843+00
818e5329-90ea-4851-bdd3-2fdae97b9394,38ab3cf8-7b09-4a1e-acce-fd571fb727c2,2025-07-04,25000.00,emi,cash,,,ebe1c271-7011-4854-9ade-836e325b0a4f,2025-12-15 11:23:51.912816+00,2025-12-15 11:23:51.912816+00
829b2900-67d5-4007-ad9d-313799c2ddb2,54f39b6d-fa6a-44ec-a8ea-1958894a92ca,2026-02-21,80000.00,emi,upi,,,ebe1c271-7011-4854-9ade-836e325b0a4f,2026-02-21 05:35:08.817419+00,2026-02-21 05:35:08.817419+00
8303ffe2-3d48-4e89-bb04-0ec52d18f8cd,af04ef2b-e5b6-46bd-ac31-a5971c97b0ee,2025-08-04,2800000.00,emi,account_transfer,,,ebe1c271-7011-4854-9ade-836e325b0a4f,2025-12-13 11:02:22.077953+00,2025-12-13 11:02:22.077953+00
838e2e54-fbfd-4423-aa07-a249c19d08ab,b8859852-05dd-47ce-b7a6-8b07409bb107,2025-06-12,1000000.00,emi,account_transfer,,,ebe1c271-7011-4854-9ade-836e325b0a4f,2025-12-14 10:57:32.485178+00,2025-12-14 10:57:32.485178+00
83ba277b-1283-4a07-891e-fb40f8efffdd,51a28211-3f7f-4422-9b8d-3254b21b79b4,2026-02-06,1000.00,token,cash,,,ebe1c271-7011-4854-9ade-836e325b0a4f,2026-02-06 10:19:16.730937+00,2026-02-06 10:19:16.730937+00
847af89d-9bf2-424f-9f48-b424f91b6b58,cb2b791a-547f-4168-be2c-4b0f8e6243fe,2024-12-12,5000.00,token,cash,,,ebe1c271-7011-4854-9ade-836e325b0a4f,2025-12-12 07:41:57.934294+00,2025-12-12 07:41:57.934294+00
85aa3ddd-6060-4834-bef1-c842d51a5a26,0a6cf3d8-6ead-46eb-bee8-73bb1356356e,2025-05-01,198000.00,emi,account_transfer,,,ebe1c271-7011-4854-9ade-836e325b0a4f,2025-12-15 08:13:56.448132+00,2025-12-15 08:13:56.448132+00
85d2053d-e83d-4540-aa2c-37349b5ab2c0,6e8cdeeb-92f5-4e23-b975-a0b86dbe34f9,2025-10-24,200000.00,emi,cash,,,ebe1c271-7011-4854-9ade-836e325b0a4f,2025-12-15 09:54:29.17482+00,2025-12-15 09:54:29.17482+00
85db327c-00b7-46ee-bb69-bc0b333a23e0,8eba0442-c900-4a5c-a6f3-8de3da918b0d,2025-11-13,21000.00,emi,account_transfer,,,ebe1c271-7011-4854-9ade-836e325b0a4f,2025-12-14 11:21:35.212353+00,2025-12-14 11:21:35.212353+00
85e3ec57-ca34-45b6-8b90-c8fc44c26658,e187d382-d41c-4c06-81ac-76fd9a247447,2025-01-28,11000.00,token,account_transfer,,,ebe1c271-7011-4854-9ade-836e325b0a4f,2025-12-13 07:31:17.761755+00,2025-12-13 07:31:17.761755+00
86d49e2b-e580-4b02-a34b-c86f3dbe06fd,7450b82e-b468-4671-a9ad-404b2b4a5606,2025-12-07,648000.00,booking,account_transfer,,,ebe1c271-7011-4854-9ade-836e325b0a4f,2025-12-13 11:48:21.05178+00,2025-12-13 11:48:21.05178+00
87ab024b-4254-4d82-8934-5886691a8fc5,7768cf2b-4e02-4270-9a53-f1dd1eb701bc,2025-07-21,11000.00,token,upi,,,ebe1c271-7011-4854-9ade-836e325b0a4f,2025-12-13 10:39:42.976263+00,2025-12-13 10:39:42.976263+00
894ab7fa-b60b-4f99-a7b3-467ff1d9375c,38ab3cf8-7b09-4a1e-acce-fd571fb727c2,2025-07-01,70000.00,emi,upi,,,ebe1c271-7011-4854-9ade-836e325b0a4f,2025-12-15 11:23:11.797499+00,2025-12-15 11:23:11.797499+00
8a3d27f6-c0d8-456d-ab32-f3538d113397,356edbc1-015c-435f-b9ea-b70a760029ab,2025-02-28,5000.00,token,upi,,,ebe1c271-7011-4854-9ade-836e325b0a4f,2025-12-14 11:05:09.323308+00,2025-12-14 11:05:09.323308+00
8adb93b6-1ea8-4223-961e-f6957cf44722,292228b8-913c-49ea-81b9-a3fd9d067682,2025-05-01,11000.00,token,upi,,,ebe1c271-7011-4854-9ade-836e325b0a4f,2025-12-15 08:22:28.379929+00,2025-12-15 08:22:28.379929+00
8b3580a7-6a3a-401a-bdba-d625ffb728cd,c9c349cc-2ed4-4edc-a4fe-e0d6caba7921,2025-06-22,275000.00,booking,account_transfer,,,ebe1c271-7011-4854-9ade-836e325b0a4f,2025-12-13 10:52:46.533041+00,2025-12-13 10:52:46.533041+00
8bc8ed1e-a1c2-4e22-8d63-8b04b58a7dad,4a0c5d83-bc8a-493c-96b6-756fabfe0762,2025-05-01,11000.00,token,upi,,,ebe1c271-7011-4854-9ade-836e325b0a4f,2025-12-15 08:21:10.179699+00,2025-12-15 08:21:10.179699+00
8d7f3329-cce7-429f-bb27-d1912d38d65d,7f3c8fbd-7172-4291-af36-4b70bcd8d9ff,2025-04-16,100000.00,emi,account_transfer,,,ebe1c271-7011-4854-9ade-836e325b0a4f,2025-12-13 07:36:22.617497+00,2025-12-13 07:36:22.617497+00
8d98fca5-7031-4cdb-a7d3-9e77719c781a,f080ba7e-8341-4515-93a0-ced73c4c8d24,2025-04-14,150000.00,booking,account_transfer,,,ebe1c271-7011-4854-9ade-836e325b0a4f,2025-12-14 06:24:23.31681+00,2025-12-14 06:24:23.31681+00
8e49d0a5-3180-411f-8345-a69157284654,4bd4010a-2d62-4c02-aa31-5a8f89d17b1e,2025-10-25,40000.00,emi,upi,,,ebe1c271-7011-4854-9ade-836e325b0a4f,2025-12-15 09:57:30.448812+00,2025-12-15 09:57:30.448812+00
8e4e2010-9a0d-41db-b534-472462835285,8eba0442-c900-4a5c-a6f3-8de3da918b0d,2025-09-21,200000.00,emi,account_transfer,,,ebe1c271-7011-4854-9ade-836e325b0a4f,2025-12-14 11:21:12.951343+00,2025-12-14 11:21:12.951343+00
8f3d0000-ab73-4baf-847a-7172e8830f85,0efcf82e-16db-431a-8587-b535c46599a2,2026-02-09,800000.00,emi,account_transfer,,,ebe1c271-7011-4854-9ade-836e325b0a4f,2026-02-09 09:41:28.679836+00,2026-02-09 09:41:28.679836+00
8f77cf7a-3873-44b0-9f3a-01b74b40a2f4,981a84c7-2147-4d82-931c-76fb637f97c6,2025-08-18,11000.00,token,upi,,,ebe1c271-7011-4854-9ade-836e325b0a4f,2025-12-15 09:12:43.770614+00,2025-12-15 09:12:43.770614+00
8f9f184a-f580-4cbe-8f45-67e0d490dfba,58b979ef-f045-4592-a8cf-a3f0030d3385,2025-04-21,500000.00,emi,cheque,,,ebe1c271-7011-4854-9ade-836e325b0a4f,2025-12-14 07:52:41.228465+00,2025-12-14 07:52:41.228465+00
8fb0ac24-cbde-4c41-ba79-848660b49609,88a314bb-80b5-433a-a4f6-1a309adf4106,2025-10-18,2000.00,token,cash,,,ebe1c271-7011-4854-9ade-836e325b0a4f,2025-12-14 11:45:11.932786+00,2025-12-14 11:45:11.932786+00
8ffe9ce0-4925-486c-ad4f-0d630ffbc0bd,38ab3cf8-7b09-4a1e-acce-fd571fb727c2,2025-05-09,11000.00,token,cash,,,ebe1c271-7011-4854-9ade-836e325b0a4f,2025-12-15 11:22:07.613476+00,2025-12-15 11:22:07.613476+00
90b382da-2dbf-4ad7-85f1-6705a96f99cf,dcc20c6b-8855-4566-bf3f-34a9989f34da,2025-02-10,2500000.00,emi,cash,,Farmer,ebe1c271-7011-4854-9ade-836e325b0a4f,2025-12-13 06:52:07.87471+00,2025-12-13 06:52:07.87471+00
920c2c0e-00af-4b88-9371-fd4be98506df,09f4e894-827b-472f-9b2d-ccbd45f5e440,2026-01-09,50000.00,emi,account_transfer,,,ebe1c271-7011-4854-9ade-836e325b0a4f,2026-01-09 08:22:25.515941+00,2026-01-09 08:22:25.515941+00
922ef213-70cb-4752-b0b1-f055da371cdb,09cf784a-5326-41cf-8c48-7b9dddf33c6c,2025-06-19,11000.00,token,upi,,,ebe1c271-7011-4854-9ade-836e325b0a4f,2025-12-14 08:22:43.331516+00,2025-12-14 08:22:43.331516+00
925eff0f-1b1b-4823-b168-11fa172fa30e,3f44fc0f-7c2c-4a77-bb1a-35227d16c9b3,2025-12-21,11000.00,token,upi,,,ebe1c271-7011-4854-9ade-836e325b0a4f,2025-12-21 05:15:08.284897+00,2025-12-21 05:15:08.284897+00
92663fb6-5290-449d-8338-c9ad50179a7f,0c77042a-0633-4217-9851-c6581664ac20,2025-08-02,50000.00,emi,upi,,,ebe1c271-7011-4854-9ade-836e325b0a4f,2025-12-14 11:30:31.643506+00,2025-12-14 11:30:31.643506+00
93e73fc9-fa22-42e4-82a2-7f844e1ce3ae,70e71f83-d4f1-493d-a4ed-a61c47d2e28f,2025-12-19,500000.00,emi,account_transfer,,,ebe1c271-7011-4854-9ade-836e325b0a4f,2025-12-19 07:24:53.563161+00,2025-12-19 07:24:53.563161+00
94ee8a9f-1178-4d96-8bc9-c8ed3dcc1d8b,70e71f83-d4f1-493d-a4ed-a61c47d2e28f,2025-12-19,375000.00,emi,account_transfer,,To shishir  sir,ebe1c271-7011-4854-9ade-836e325b0a4f,2025-12-19 07:24:06.556595+00,2025-12-19 07:24:06.556595+00
95e14f14-df44-48b3-9e00-9708e4fbb608,af04ef2b-e5b6-46bd-ac31-a5971c97b0ee,2025-08-01,25000.00,emi,account_transfer,,,ebe1c271-7011-4854-9ade-836e325b0a4f,2025-12-13 11:01:40.733581+00,2025-12-13 11:01:40.733581+00
960525b2-9708-4bf7-bb48-350647ea697b,35500d7b-5f43-43ab-ba0d-e847e7f85e47,2026-02-09,95000.00,emi,upi,,,ebe1c271-7011-4854-9ade-836e325b0a4f,2026-02-09 11:00:46.688866+00,2026-02-09 11:00:46.688866+00
961b3f75-e0a9-4c30-8623-230f31e23ea7,8eba0442-c900-4a5c-a6f3-8de3da918b0d,2025-04-20,100000.00,booking,account_transfer,,,ebe1c271-7011-4854-9ade-836e325b0a4f,2025-12-14 11:16:00.359671+00,2025-12-14 11:16:00.359671+00
988a3b9b-3549-4bbe-9690-3de39f87dd86,54f39b6d-fa6a-44ec-a8ea-1958894a92ca,2026-02-15,90000.00,emi,upi,,,ebe1c271-7011-4854-9ade-836e325b0a4f,2026-02-15 10:49:09.492536+00,2026-02-15 10:49:09.492536+00
99357edf-db55-4745-a878-8c8489111007,af04ef2b-e5b6-46bd-ac31-a5971c97b0ee,2025-06-25,750000.00,token,cash,,,ebe1c271-7011-4854-9ade-836e325b0a4f,2025-12-13 11:00:02.85375+00,2025-12-13 11:00:02.85375+00
9b07a089-76e7-4a6f-bf5f-3771bde48c4d,8eba0442-c900-4a5c-a6f3-8de3da918b0d,2026-02-09,200000.00,emi,account_transfer,,Transfer to Farmer's Account,ebe1c271-7011-4854-9ade-836e325b0a4f,2026-02-11 05:42:41.655736+00,2026-02-11 05:42:41.655736+00
9c2e078f-e0c5-4072-af7d-4c68b20b9bae,00e73bb8-142e-4e3e-985f-72ef95c3189f,2026-01-07,600000.00,emi,cash,,,ebe1c271-7011-4854-9ade-836e325b0a4f,2026-01-07 11:48:20.598659+00,2026-01-07 11:48:20.598659+00
9c49255c-8a77-45d4-a749-b61214cbd030,0c77042a-0633-4217-9851-c6581664ac20,2025-08-04,100000.00,emi,cash,,,ebe1c271-7011-4854-9ade-836e325b0a4f,2025-12-14 11:30:57.290345+00,2025-12-14 11:30:57.290345+00
9e245c1e-35d1-49f0-8936-e1bebf060608,8eba0442-c900-4a5c-a6f3-8de3da918b0d,2025-05-18,200000.00,emi,cash,,,ebe1c271-7011-4854-9ade-836e325b0a4f,2025-12-14 11:18:16.407961+00,2025-12-14 11:18:16.407961+00
9fde3192-f242-4fb5-86a9-b2d413763a14,54f39b6d-fa6a-44ec-a8ea-1958894a92ca,2025-05-07,90000.00,booking,upi,,,ebe1c271-7011-4854-9ade-836e325b0a4f,2025-12-14 07:01:13.2077+00,2025-12-14 07:01:13.2077+00
9ff7dc34-f88a-4bf0-8ff6-f38039e9aacb,dcc20c6b-8855-4566-bf3f-34a9989f34da,2024-09-25,2500000.00,emi,account_transfer,,Farmer,ebe1c271-7011-4854-9ade-836e325b0a4f,2025-12-13 06:50:14.810297+00,2025-12-13 06:50:14.810297+00
a03e76b2-5503-45b9-8114-1789fa21fa3b,8eba0442-c900-4a5c-a6f3-8de3da918b0d,2025-05-19,1000000.00,emi,account_transfer,,,ebe1c271-7011-4854-9ade-836e325b0a4f,2025-12-14 11:18:46.167518+00,2025-12-14 11:18:46.167518+00
a04997df-de98-4f94-836c-75c40a5f3637,a085185c-146e-4f8e-8591-cbf7268f9636,2025-04-10,10000.00,token,account_transfer,,,ebe1c271-7011-4854-9ade-836e325b0a4f,2025-12-13 08:29:24.329005+00,2025-12-13 08:29:24.329005+00
a1b567f5-d33f-4c10-8704-e9922fb4c597,dcc20c6b-8855-4566-bf3f-34a9989f34da,2024-09-22,2500000.00,token,cash,,,ebe1c271-7011-4854-9ade-836e325b0a4f,2025-12-13 06:49:35.128457+00,2025-12-13 06:49:35.128457+00
a24290b4-9f59-4e62-9bf7-91ad90bc424a,fac11d1b-1e0b-48da-829b-f6fbf70fb0da,2025-10-24,59000.00,booking,upi,,,ebe1c271-7011-4854-9ade-836e325b0a4f,2025-12-15 09:51:32.231285+00,2025-12-15 09:51:32.231285+00
a27de410-65ea-4535-88da-fecedc2bc5e2,0891d327-99fb-4850-b5c2-a72452a91dbf,2025-05-28,21000.00,token,upi,,,ebe1c271-7011-4854-9ade-836e325b0a4f,2025-12-13 10:13:23.683727+00,2025-12-13 10:13:23.683727+00
a3441c0b-5147-4246-8334-36cf186e7b36,af825b42-a502-4711-92cc-cb622641a587,2025-07-24,600000.00,emi,cheque,,,ebe1c271-7011-4854-9ade-836e325b0a4f,2025-12-13 10:38:03.815732+00,2025-12-13 10:38:03.815732+00
a3672905-663c-4b73-b6a2-68990f4cdcea,7f3c8fbd-7172-4291-af36-4b70bcd8d9ff,2025-04-09,5000.00,booking,account_transfer,,,ebe1c271-7011-4854-9ade-836e325b0a4f,2025-12-13 07:35:13.03456+00,2025-12-13 07:35:13.03456+00
a3ba37be-6a42-497d-815d-0f6274496f8b,272e4692-91f9-407a-8134-5896b25c7f64,2025-05-18,11000.00,token,upi,,,ebe1c271-7011-4854-9ade-836e325b0a4f,2025-12-14 07:21:45.801678+00,2025-12-14 07:21:45.801678+00
a456e5b6-3744-42bc-b526-bb527fb1ad38,c9c349cc-2ed4-4edc-a4fe-e0d6caba7921,2025-08-04,1500000.00,emi,account_transfer,,,ebe1c271-7011-4854-9ade-836e325b0a4f,2025-12-13 10:55:32.598291+00,2025-12-13 10:55:32.598291+00
a4759267-b698-4d31-8972-5d0029c15bfc,6411dff2-c0bb-4d58-8ee8-9f0e55338af0,2026-01-13,1000000.00,emi,account_transfer,,Payment to Farmer,ebe1c271-7011-4854-9ade-836e325b0a4f,2026-01-14 06:19:31.120899+00,2026-01-14 06:19:31.120899+00
a5a77bfc-99b5-4d9a-bf4d-96dd6d36d5a7,b8adf855-524d-4b53-bffc-b365cd9c27af,2025-12-20,100000.00,emi,account_transfer,,,ebe1c271-7011-4854-9ade-836e325b0a4f,2025-12-20 09:44:04.978947+00,2025-12-20 09:44:04.978947+00
a61e912a-32cd-48d0-bcdf-8d897eb963c4,663d2d05-6b09-4d3a-b4d0-ff03459403e8,2026-01-30,20000.00,token,upi,,,ebe1c271-7011-4854-9ade-836e325b0a4f,2026-01-31 11:22:18.306363+00,2026-01-31 11:22:18.306363+00
a66aaf4b-ab6b-48e2-96fa-e8c76cc5210e,8eba0442-c900-4a5c-a6f3-8de3da918b0d,2025-06-19,1000000.00,emi,account_transfer,,,ebe1c271-7011-4854-9ade-836e325b0a4f,2025-12-14 11:19:36.441623+00,2025-12-14 11:19:36.441623+00
a88c71be-daac-4f2c-b5e4-9fc24c608653,af04ef2b-e5b6-46bd-ac31-a5971c97b0ee,2025-06-26,750000.00,booking,cash,,,ebe1c271-7011-4854-9ade-836e325b0a4f,2025-12-13 11:00:33.121059+00,2025-12-13 11:00:33.121059+00
a99b49d1-4be8-4e7b-8c81-18f9caa13225,09cf784a-5326-41cf-8c48-7b9dddf33c6c,2026-01-03,500000.00,emi,account_transfer,,,ebe1c271-7011-4854-9ade-836e325b0a4f,2026-01-03 09:20:59.735189+00,2026-01-03 09:20:59.735189+00
aa49881b-2eb7-4be2-b9a9-e47ad9869fa9,7450b82e-b468-4671-a9ad-404b2b4a5606,2025-06-18,21000.00,token,upi,,,ebe1c271-7011-4854-9ade-836e325b0a4f,2025-12-13 11:47:51.927339+00,2025-12-13 11:47:51.927339+00
ab398858-de19-4c6c-aaa2-42168d12942b,6d18421c-1943-4641-a74b-b24ed8eafad2,2025-07-10,11000.00,token,upi,,,ebe1c271-7011-4854-9ade-836e325b0a4f,2025-12-15 09:21:13.855467+00,2025-12-15 09:21:13.855467+00
ab46f231-c721-4bd8-b5a6-e336d9124809,350be292-5479-4ce5-b978-3bac65b13a04,2025-11-02,5001.00,token,upi,,,ebe1c271-7011-4854-9ade-836e325b0a4f,2025-12-15 10:17:25.249452+00,2025-12-15 10:17:25.249452+00
ac1dfd33-1d92-46df-a69e-98a9e7c7020d,0efcf82e-16db-431a-8587-b535c46599a2,2025-05-04,50000.00,emi,account_transfer,,,ebe1c271-7011-4854-9ade-836e325b0a4f,2025-12-15 08:11:13.503382+00,2025-12-15 08:11:13.503382+00
acef1c85-efb1-4fa1-aa8f-5df0f3582fe4,58b979ef-f045-4592-a8cf-a3f0030d3385,2025-07-06,179000.00,emi,cheque,,,ebe1c271-7011-4854-9ade-836e325b0a4f,2025-12-14 07:53:58.022177+00,2025-12-14 07:53:58.022177+00
ad36d0cc-4ac8-4834-870d-cdbf247c2fa4,356edbc1-015c-435f-b9ea-b70a760029ab,2025-08-04,200000.00,emi,cheque,,,ebe1c271-7011-4854-9ade-836e325b0a4f,2025-12-14 11:06:37.2476+00,2025-12-14 11:06:37.2476+00
adda6c44-908e-40c5-aa22-4bc64502fc0b,f4df4ee0-7378-496a-8a3f-5b82c1222d2c,2025-01-23,11000.00,token,account_transfer,,,ebe1c271-7011-4854-9ade-836e325b0a4f,2025-12-14 11:01:13.021975+00,2025-12-14 11:01:13.021975+00
ade96ec3-3d5d-4f4a-9b8e-8b82c459436e,8eba0442-c900-4a5c-a6f3-8de3da918b0d,2025-05-09,29000.00,emi,account_transfer,,,ebe1c271-7011-4854-9ade-836e325b0a4f,2025-12-14 11:17:48.115946+00,2025-12-14 11:17:48.115946+00
aea82db9-15b8-4f4b-a63c-461c058ab5bf,27b51ce1-9b4d-41d1-81f4-e07598f104c8,2025-06-14,45000.00,emi,account_transfer,,,ebe1c271-7011-4854-9ade-836e325b0a4f,2025-12-13 06:20:31.637099+00,2025-12-13 06:20:31.637099+00
aeb84266-82da-45ac-a194-5129bb48ebb5,09f4e894-827b-472f-9b2d-ccbd45f5e440,2025-10-24,70000.00,emi,cash,,,ebe1c271-7011-4854-9ade-836e325b0a4f,2025-12-15 09:46:49.23144+00,2025-12-15 09:46:49.23144+00
af528a7c-d4e4-4918-992a-14b01522ec3f,149331be-d2c3-471c-847d-80ac9b4d8fec,2025-04-15,160000.00,emi,account_transfer,,,ebe1c271-7011-4854-9ade-836e325b0a4f,2025-12-15 05:45:35.595296+00,2025-12-15 05:45:35.595296+00
af999f10-40a8-445a-8db8-d0f530ec43fa,fd8f9f76-4219-43f5-8b1e-6ff67647ffe8,2025-07-01,70000.00,emi,upi,,,ebe1c271-7011-4854-9ade-836e325b0a4f,2025-12-14 07:19:10.164889+00,2025-12-14 07:19:10.164889+00
b1229ad3-0044-40f7-b3dc-97ec72d65331,996cf4e0-90fb-426d-bc5e-1a27a065415f,2025-10-04,1000000.00,booking,account_transfer,,,ebe1c271-7011-4854-9ade-836e325b0a4f,2025-12-14 11:42:32.895524+00,2025-12-14 11:42:32.895524+00
b135acec-5e30-43cc-b388-30c107dd6dac,80a962d8-b72a-4ec7-9490-71cdcb0d5265,2024-12-04,11001.00,token,upi,,,ebe1c271-7011-4854-9ade-836e325b0a4f,2025-12-14 10:47:19.79202+00,2025-12-14 10:47:19.79202+00
b17aa701-7e06-4e35-9187-a4b492f79b10,5d095d8a-0885-4c0a-9180-13b0aff6a5b9,2025-07-31,5001.00,token,upi,,,ebe1c271-7011-4854-9ade-836e325b0a4f,2025-12-13 10:44:00.891186+00,2025-12-13 10:44:00.891186+00
b1d29749-a0a8-489c-a4f8-be1c8687060d,823e22c3-6922-42ab-9b3a-5b76b08a8c59,2025-04-30,364000.00,booking,account_transfer,,,ebe1c271-7011-4854-9ade-836e325b0a4f,2025-12-13 09:27:43.230325+00,2025-12-13 09:27:43.230325+00
b2886546-71be-4470-b3c1-bf46e9827cdd,09cf784a-5326-41cf-8c48-7b9dddf33c6c,2025-07-21,864000.00,emi,account_transfer,,,ebe1c271-7011-4854-9ade-836e325b0a4f,2025-12-14 08:24:00.949582+00,2025-12-14 08:24:00.949582+00
b3db4d5f-e214-4db2-b656-2e407aed621c,6ddb183e-6ac9-49ae-a015-c9f04e5e27e1,2025-09-29,11000.00,token,upi,,,ebe1c271-7011-4854-9ade-836e325b0a4f,2025-12-14 07:32:27.995637+00,2025-12-14 07:32:27.995637+00
b4044ee3-e981-4bb0-a559-ac79b4bddc43,996cf4e0-90fb-426d-bc5e-1a27a065415f,2025-09-17,10000.00,token,cash,,,ebe1c271-7011-4854-9ade-836e325b0a4f,2025-12-14 11:41:50.368113+00,2025-12-14 11:41:50.368113+00
b4458712-2b0b-437c-894e-d951dbf1d1c9,e153e7ed-f017-4a50-85a3-5f515d0abe7d,2025-10-18,11000.00,token,upi,,,ebe1c271-7011-4854-9ade-836e325b0a4f,2025-12-15 09:59:44.600041+00,2025-12-15 09:59:44.600041+00
b48d99f0-0560-45d1-bc91-82e8fc311790,23584107-a6e6-495a-9985-67ae05429710,2025-01-23,51000.00,token,account_transfer,,,ebe1c271-7011-4854-9ade-836e325b0a4f,2025-12-13 07:29:03.614572+00,2025-12-13 07:29:03.614572+00
b4f1299c-daa3-493f-aff4-7ca76a16fac9,fd8f9f76-4219-43f5-8b1e-6ff67647ffe8,2025-05-17,30000.00,booking,upi,,,ebe1c271-7011-4854-9ade-836e325b0a4f,2025-12-14 07:18:18.449812+00,2025-12-14 07:18:18.449812+00
b4f18bdd-3b0d-4d71-955e-12ba60a39fc6,27b51ce1-9b4d-41d1-81f4-e07598f104c8,2025-06-16,45000.00,emi,account_transfer,,,ebe1c271-7011-4854-9ade-836e325b0a4f,2025-12-13 06:20:45.626509+00,2025-12-13 06:20:45.626509+00
b5adb0b3-c947-4873-b214-b0f7fe8db669,d9fc8bcc-c717-46f7-b9da-0495daf49d61,2025-05-27,11000.00,token,cheque,,,ebe1c271-7011-4854-9ade-836e325b0a4f,2025-12-14 08:13:31.239069+00,2025-12-14 08:13:31.239069+00
b636c6de-3868-4ff0-bdaf-fa4178111689,4cf923bd-0ff1-4363-bc01-dfaab468f05f,2025-06-16,31750.00,emi,cheque,,,ebe1c271-7011-4854-9ade-836e325b0a4f,2025-12-15 06:42:22.299837+00,2025-12-15 06:42:22.299837+00
b715ac3a-1e3a-49dd-883e-dbdb7493a992,54f39b6d-fa6a-44ec-a8ea-1958894a92ca,2026-02-11,40000.00,emi,upi,,,ebe1c271-7011-4854-9ade-836e325b0a4f,2026-02-11 05:50:22.262554+00,2026-02-11 05:50:22.262554+00
b794d7b9-6170-4a81-9163-878115348ea8,e187d382-d41c-4c06-81ac-76fd9a247447,2025-04-14,119000.00,booking,account_transfer,,,ebe1c271-7011-4854-9ade-836e325b0a4f,2025-12-13 07:31:56.235603+00,2025-12-13 07:31:56.235603+00
bb316168-cd3f-47fc-a3fc-3cc852685beb,ccfe7610-1604-4b4c-93ff-ee16f66461f7,2025-06-08,11000.00,token,upi,,,ebe1c271-7011-4854-9ade-836e325b0a4f,2025-12-14 11:34:58.27115+00,2025-12-14 11:34:58.27115+00
bb50273c-4cc7-4672-98f3-4b2d61df1490,5a1a8338-4ac0-4434-b81d-0d8c00f51335,2025-08-28,10001.00,token,upi,,,ebe1c271-7011-4854-9ade-836e325b0a4f,2025-12-13 11:54:01.036647+00,2025-12-13 11:54:01.036647+00
bba08e98-ee09-4632-97c4-7df67463e8df,356edbc1-015c-435f-b9ea-b70a760029ab,2025-11-13,100000.00,emi,cheque,,,ebe1c271-7011-4854-9ade-836e325b0a4f,2025-12-14 11:07:23.746536+00,2025-12-14 11:07:23.746536+00
bc1faf70-e336-48e2-8bbf-b85659aed0fd,6be0399a-5d07-4bfa-a029-75180ad850f7,2025-04-29,100000.00,token,account_transfer,,,ebe1c271-7011-4854-9ade-836e325b0a4f,2025-12-13 09:49:28.315271+00,2025-12-13 09:49:28.315271+00
bc3eaa5a-6675-42e6-81cf-ea2e5bcb1f20,356edbc1-015c-435f-b9ea-b70a760029ab,2025-09-24,50000.00,emi,upi,,,ebe1c271-7011-4854-9ade-836e325b0a4f,2025-12-14 11:07:04.42553+00,2025-12-14 11:07:04.42553+00
bce06eed-e0d8-41dc-a1dd-b959794c77ab,75720f43-4c21-4e0c-8e9b-1219e7814b6d,2025-10-24,370000.00,booking,account_transfer,,,ebe1c271-7011-4854-9ade-836e325b0a4f,2025-12-13 11:45:31.533207+00,2025-12-13 11:45:31.533207+00
bdd10921-d4b6-471e-b354-671e42c799d3,b9b774a1-3786-4b37-ae6d-c50e16b9652b,2025-08-31,300000.00,booking,cash,,,ebe1c271-7011-4854-9ade-836e325b0a4f,2025-12-15 10:35:45.777978+00,2025-12-15 10:35:45.777978+00
be417eb3-2dfa-4474-82d8-035e2dea79a9,54f39b6d-fa6a-44ec-a8ea-1958894a92ca,2026-02-11,50000.00,emi,upi,,,ebe1c271-7011-4854-9ade-836e325b0a4f,2026-02-11 05:50:10.751802+00,2026-02-11 05:50:10.751802+00
be44014a-73b6-4394-84de-3a13f45662ac,2ba52776-69c3-47f9-ad0f-4708ac0b273c,2025-04-24,429000.00,booking,account_transfer,,,ebe1c271-7011-4854-9ade-836e325b0a4f,2025-12-15 08:07:41.605493+00,2025-12-15 08:07:41.605493+00
bebaff3b-6b45-470a-87b4-66fc28cc607e,6411dff2-c0bb-4d58-8ee8-9f0e55338af0,2026-02-09,2160000.00,emi,cash,,,ebe1c271-7011-4854-9ade-836e325b0a4f,2026-02-11 05:40:54.043177+00,2026-02-11 05:40:54.043177+00
bf33f220-f7d6-4c84-a039-cab0a930f543,70e71f83-d4f1-493d-a4ed-a61c47d2e28f,2025-12-11,200000.00,booking,account_transfer,,,ebe1c271-7011-4854-9ade-836e325b0a4f,2025-12-14 11:38:02.666489+00,2025-12-14 11:38:02.666489+00
bf3c986d-43f9-439a-bcbe-b01819600d37,fd8f9f76-4219-43f5-8b1e-6ff67647ffe8,2025-05-09,11000.00,token,cash,,,ebe1c271-7011-4854-9ade-836e325b0a4f,2025-12-14 07:17:53.65341+00,2025-12-14 07:17:53.65341+00
bf4335b3-db60-47ff-9d71-7b5c4cf6688b,80a962d8-b72a-4ec7-9490-71cdcb0d5265,2025-03-24,803520.00,emi,account_transfer,,,ebe1c271-7011-4854-9ade-836e325b0a4f,2025-12-14 10:49:44.903774+00,2025-12-14 10:49:44.903774+00
bfb279b6-07d5-4d0f-84fa-59cb4f4851c6,7f3c8fbd-7172-4291-af36-4b70bcd8d9ff,2025-04-14,100000.00,emi,account_transfer,,,ebe1c271-7011-4854-9ade-836e325b0a4f,2025-12-13 07:36:04.578632+00,2025-12-13 07:36:04.578632+00
c0e690a5-1c5d-4334-bb2c-a9ca9183c9e6,8c732ce4-e409-4f2f-a4ff-29edcb1fb3a9,2025-09-29,20000.00,token,upi,,,ebe1c271-7011-4854-9ade-836e325b0a4f,2025-12-14 07:30:17.40059+00,2025-12-14 07:30:17.40059+00
c3881cba-ffec-4736-85ec-688a768bec63,c6102bc9-03e3-4396-8cf5-d3273daafdd9,2025-04-30,187500.00,booking,account_transfer,,,ebe1c271-7011-4854-9ade-836e325b0a4f,2025-12-13 10:02:01.789869+00,2025-12-13 10:02:01.789869+00
c4455dd1-a47f-41a0-950d-cfcd0d64b80a,b9b774a1-3786-4b37-ae6d-c50e16b9652b,2025-08-11,51000.00,token,account_transfer,,Amount transfer from plot no 427,ebe1c271-7011-4854-9ade-836e325b0a4f,2025-12-15 10:34:44.387639+00,2025-12-15 10:34:44.387639+00
c472d59e-ee9d-4f02-b944-7a212af2fd97,9ef25c21-371f-4c05-8fde-4203a13de188,2026-02-11,50000.00,emi,upi,,,ebe1c271-7011-4854-9ade-836e325b0a4f,2026-02-12 05:03:28.411099+00,2026-02-12 05:03:28.411099+00
c60abee3-77a6-4691-b5ec-8bf59848b9e3,4cf923bd-0ff1-4363-bc01-dfaab468f05f,2025-06-15,50000.00,emi,cash,,,ebe1c271-7011-4854-9ade-836e325b0a4f,2025-12-15 06:42:03.322525+00,2025-12-15 06:42:03.322525+00
c62a3f10-6020-42b7-8f44-4a9639f2e12f,0efcf82e-16db-431a-8587-b535c46599a2,2025-04-23,21000.00,token,upi,,,ebe1c271-7011-4854-9ade-836e325b0a4f,2025-12-15 08:09:46.851614+00,2025-12-15 08:09:46.851614+00
c65dcf36-e292-42fe-aecf-8e043e631e97,dcc20c6b-8855-4566-bf3f-34a9989f34da,2025-01-19,2500000.00,emi,account_transfer,,,ebe1c271-7011-4854-9ade-836e325b0a4f,2025-12-13 06:50:39.247501+00,2025-12-13 06:50:39.247501+00
c72a1a5f-326b-4a83-9194-7709f285fd35,916c61d9-99f8-44cc-acbb-0d7dfa04468b,2025-10-02,21000.00,token,upi,,,ebe1c271-7011-4854-9ade-836e325b0a4f,2025-12-14 07:38:07.89615+00,2025-12-14 07:38:07.89615+00
c75b3d08-b7a7-4819-a849-ef68922b2294,6411dff2-c0bb-4d58-8ee8-9f0e55338af0,2026-01-09,1000000.00,emi,cash,,,ebe1c271-7011-4854-9ade-836e325b0a4f,2026-01-09 08:21:52.488503+00,2026-01-09 08:21:52.488503+00
c7e8dd95-6d1a-4250-8317-1eb3353e6683,9ef25c21-371f-4c05-8fde-4203a13de188,2025-10-18,115000.00,booking,account_transfer,,,ebe1c271-7011-4854-9ade-836e325b0a4f,2025-12-13 11:52:30.572815+00,2025-12-13 11:52:30.572815+00
c8837c69-5617-4d56-9fa0-41bbba29c9cb,6411dff2-c0bb-4d58-8ee8-9f0e55338af0,2026-01-13,1000000.00,emi,account_transfer,,Payment to Farmer,ebe1c271-7011-4854-9ade-836e325b0a4f,2026-01-14 06:19:03.993559+00,2026-01-14 06:19:03.993559+00
c9e080ef-8f35-4c02-98f0-6762ec767fa3,32af08e7-c241-47b7-a84f-c20a1e5b2058,2025-10-29,550000.00,booking,cheque,,,ebe1c271-7011-4854-9ade-836e325b0a4f,2025-12-13 11:43:28.949111+00,2025-12-13 11:43:28.949111+00
ca6330ae-c07b-4e41-8611-abe0199dea88,54f39b6d-fa6a-44ec-a8ea-1958894a92ca,2026-02-09,50000.00,emi,upi,,,ebe1c271-7011-4854-9ade-836e325b0a4f,2026-02-09 11:01:28.55696+00,2026-02-09 11:01:28.55696+00
cacb4d9f-d6fb-4d98-a8ca-1b71c40b6a8c,1eab0831-af82-4939-bf71-230ee0973030,2025-04-20,25000.00,token,cash,,,ebe1c271-7011-4854-9ade-836e325b0a4f,2025-12-13 09:45:06.638728+00,2025-12-13 09:45:06.638728+00
cb570572-64ca-4267-aab7-2ecc55764afc,b8859852-05dd-47ce-b7a6-8b07409bb107,2024-12-01,11000.00,token,cash,,,ebe1c271-7011-4854-9ade-836e325b0a4f,2025-12-14 10:56:27.334559+00,2025-12-14 10:56:27.334559+00
cb5f6280-e3c6-4cf8-9ff9-7122985b9f21,fd8f9f76-4219-43f5-8b1e-6ff67647ffe8,2025-06-09,40000.00,emi,upi,,,ebe1c271-7011-4854-9ade-836e325b0a4f,2025-12-14 07:18:41.234708+00,2025-12-14 07:18:41.234708+00
cba01694-693a-4ff4-ab79-ffda879c2265,09f4e894-827b-472f-9b2d-ccbd45f5e440,2025-12-27,25000.00,emi,cheque,,,ebe1c271-7011-4854-9ade-836e325b0a4f,2026-01-03 05:59:28.295721+00,2026-01-03 05:59:28.295721+00
cc50582d-b866-4f69-ad74-6fae13924192,9ef25c21-371f-4c05-8fde-4203a13de188,2025-09-07,50001.00,token,upi,,,ebe1c271-7011-4854-9ade-836e325b0a4f,2025-12-13 11:51:38.837377+00,2025-12-13 11:51:38.837377+00
ccb6f12b-ff2d-49a6-8a8d-def1919785ac,af825b42-a502-4711-92cc-cb622641a587,2025-06-16,11000.00,token,upi,,,ebe1c271-7011-4854-9ade-836e325b0a4f,2025-12-13 10:35:13.597535+00,2025-12-13 10:35:13.597535+00
cd6442f4-3561-4caa-a01b-19f04c43d4af,af04ef2b-e5b6-46bd-ac31-a5971c97b0ee,2025-08-01,200000.00,emi,cash,,,ebe1c271-7011-4854-9ade-836e325b0a4f,2025-12-13 11:01:11.598202+00,2025-12-13 11:01:11.598202+00
ce4503a7-27b7-44c4-9b87-cc2ad2727d8f,272e4692-91f9-407a-8134-5896b25c7f64,2025-11-27,99000.00,emi,upi,,,ebe1c271-7011-4854-9ade-836e325b0a4f,2025-12-14 07:25:23.431024+00,2025-12-14 07:25:23.431024+00
cf437b0d-6fbe-4b5b-8451-1cf7fdf05a37,5e624c5d-480c-4b36-a3f3-2b423c6e20a6,2024-12-12,5500.00,token,upi,,,ebe1c271-7011-4854-9ade-836e325b0a4f,2025-12-13 06:12:20.423901+00,2025-12-13 06:12:20.423901+00
cf81d0b9-c374-4a12-9678-6a5ead16f933,525e63ed-fb62-425d-9070-1298ea614281,2025-10-18,51000.00,token,cash,,,ebe1c271-7011-4854-9ade-836e325b0a4f,2025-12-13 11:33:30.150484+00,2025-12-13 11:36:55.723564+00
d0127fe6-0619-48ba-9f3a-0e68464f4f22,b8859852-05dd-47ce-b7a6-8b07409bb107,2025-07-21,700000.00,emi,account_transfer,,,ebe1c271-7011-4854-9ade-836e325b0a4f,2025-12-14 10:59:28.764716+00,2025-12-14 10:59:28.764716+00
d083952f-4503-4ab8-8242-75221a0b3ea9,70e71f83-d4f1-493d-a4ed-a61c47d2e28f,2025-12-20,400000.00,emi,account_transfer,,,ebe1c271-7011-4854-9ade-836e325b0a4f,2025-12-20 06:15:02.289786+00,2025-12-20 06:15:02.289786+00
d09a815b-a0e0-4400-9713-19ad8dddfeb9,996cf4e0-90fb-426d-bc5e-1a27a065415f,2025-11-27,1110000.00,emi,cash,,,ebe1c271-7011-4854-9ade-836e325b0a4f,2025-12-14 11:42:57.539953+00,2025-12-14 11:42:57.539953+00
d1426d7f-c868-41af-af6e-34dca5c46fce,af825b42-a502-4711-92cc-cb622641a587,2025-12-21,2140000.00,emi,cheque,,,ebe1c271-7011-4854-9ade-836e325b0a4f,2025-12-13 10:37:18.062737+00,2025-12-13 10:37:18.062737+00
d14746e5-fd68-46c3-9aa9-c3e9ed943f23,80a962d8-b72a-4ec7-9490-71cdcb0d5265,2025-07-18,477000.00,emi,account_transfer,,,ebe1c271-7011-4854-9ade-836e325b0a4f,2025-12-14 10:52:39.265114+00,2025-12-14 10:52:39.265114+00
d19e7e4e-1eb4-4f91-80cb-75633a639c2b,88a314bb-80b5-433a-a4f6-1a309adf4106,2025-10-18,99000.00,token,upi,,,ebe1c271-7011-4854-9ade-836e325b0a4f,2025-12-14 11:44:53.108567+00,2025-12-14 11:44:53.108567+00
d1c6368d-b234-4790-8ab2-a72a335a3c73,80a962d8-b72a-4ec7-9490-71cdcb0d5265,2025-06-13,490000.00,emi,account_transfer,,,ebe1c271-7011-4854-9ade-836e325b0a4f,2025-12-14 10:52:16.569691+00,2025-12-14 10:52:16.569691+00
d1ce70a0-b476-4bf9-85c6-d51da2672abd,8eba0442-c900-4a5c-a6f3-8de3da918b0d,2026-02-11,300000.00,emi,account_transfer,,Transfer to Farmer's Account,ebe1c271-7011-4854-9ade-836e325b0a4f,2026-02-11 05:43:54.832272+00,2026-02-11 05:43:54.832272+00
d27ccc8b-288b-4d07-bf6e-67b5bc3b0584,e8a9cbe5-05b4-4a99-adf6-6975b6a7c8a7,2025-01-17,11000.00,token,upi,,,ebe1c271-7011-4854-9ade-836e325b0a4f,2025-12-15 05:18:06.626747+00,2025-12-15 05:18:06.626747+00
d39532cb-6417-4904-9df3-8fd40c101761,272e4692-91f9-407a-8134-5896b25c7f64,2025-12-07,4000.00,emi,upi,,,ebe1c271-7011-4854-9ade-836e325b0a4f,2025-12-14 07:25:59.772533+00,2025-12-14 07:25:59.772533+00
d622030f-3e44-4b2a-b115-2a32f512fee3,54f39b6d-fa6a-44ec-a8ea-1958894a92ca,2025-05-11,90000.00,emi,upi,,,ebe1c271-7011-4854-9ade-836e325b0a4f,2025-12-14 07:01:41.814572+00,2025-12-14 07:01:41.814572+00
d76dd405-f59f-4b9e-b27c-949092c905e7,916c61d9-99f8-44cc-acbb-0d7dfa04468b,2025-10-09,330000.00,booking,cheque,,,ebe1c271-7011-4854-9ade-836e325b0a4f,2025-12-14 07:38:49.558517+00,2025-12-14 07:38:49.558517+00
d8c17024-665f-4449-be06-36a3fb2b560e,58b979ef-f045-4592-a8cf-a3f0030d3385,2025-03-02,4000000.00,emi,cheque,,,ebe1c271-7011-4854-9ade-836e325b0a4f,2025-12-14 07:52:13.75083+00,2025-12-14 07:52:13.75083+00
d9a79fd8-7dcd-44e3-b470-84d51f5c2c01,149331be-d2c3-471c-847d-80ac9b4d8fec,2025-04-21,823000.00,emi,account_transfer,,,ebe1c271-7011-4854-9ade-836e325b0a4f,2025-12-15 05:45:58.048982+00,2025-12-15 05:46:13.286817+00
dab5cf0a-36de-42aa-a3ec-da8fea2ab066,981a84c7-2147-4d82-931c-76fb637f97c6,2025-08-30,100000.00,booking,cash,,,ebe1c271-7011-4854-9ade-836e325b0a4f,2025-12-15 09:13:13.083701+00,2025-12-15 09:13:13.083701+00
db99f749-8012-4995-a00f-712caabb1206,af825b42-a502-4711-92cc-cb622641a587,2025-12-30,600000.00,emi,cheque,,,ebe1c271-7011-4854-9ade-836e325b0a4f,2025-12-13 10:36:18.255248+00,2025-12-13 10:36:18.255248+00
db9a47f3-15ee-4751-b531-700affdd1caf,255dda7c-ed9d-406b-9741-826fb1c54c10,2025-10-10,151000.00,token,cheque,,,ebe1c271-7011-4854-9ade-836e325b0a4f,2025-12-14 07:35:41.538395+00,2025-12-14 07:35:41.538395+00
dc2c81bd-288c-44dc-8e63-b9e4e7f7d7cc,350be292-5479-4ce5-b978-3bac65b13a04,2026-02-08,30000.00,emi,upi,,,ebe1c271-7011-4854-9ade-836e325b0a4f,2026-02-08 11:12:02.976412+00,2026-02-08 11:12:02.976412+00
dd297f5b-7079-4f1d-98f4-d1cf03a20f31,149331be-d2c3-471c-847d-80ac9b4d8fec,2025-04-13,160000.00,emi,account_transfer,,,ebe1c271-7011-4854-9ade-836e325b0a4f,2025-12-15 05:44:50.686266+00,2025-12-15 05:44:50.686266+00
de101754-8412-47dd-8777-e260b56b4a36,b8adf855-524d-4b53-bffc-b365cd9c27af,2025-10-13,60000.00,booking,upi,,,ebe1c271-7011-4854-9ade-836e325b0a4f,2025-12-14 11:40:07.958729+00,2025-12-14 11:40:07.958729+00
de38181e-20c7-4cfc-989e-ec6d573de9d3,b8859852-05dd-47ce-b7a6-8b07409bb107,2025-06-13,1500000.00,emi,account_transfer,,,ebe1c271-7011-4854-9ade-836e325b0a4f,2025-12-14 10:58:03.933282+00,2025-12-14 10:58:03.933282+00
df97763a-b602-44b9-adb5-d1b936dc6c44,8af935d3-68a9-4da9-881b-e42cac0bb15f,2025-09-29,21000.00,token,upi,,,ebe1c271-7011-4854-9ade-836e325b0a4f,2025-12-14 07:33:31.641406+00,2025-12-14 07:33:31.641406+00
dfc74547-eb31-49d2-b23c-0ba19c08983f,21dcf0d9-f4d3-45e8-8db2-30318a21a5d6,2025-06-30,100000.00,emi,account_transfer,,,ebe1c271-7011-4854-9ade-836e325b0a4f,2025-12-13 08:20:12.256881+00,2025-12-13 08:20:12.256881+00
e1f5f0ce-1874-49df-b934-e4abcd92cafa,16e2cbbc-204e-4fd6-bcd3-0d9b64336591,2025-05-02,11000.00,token,upi,,,ebe1c271-7011-4854-9ade-836e325b0a4f,2025-12-14 07:14:24.807848+00,2025-12-14 07:14:24.807848+00
e5d3eb45-de9b-4519-b9e7-4ee468c69279,272e4692-91f9-407a-8134-5896b25c7f64,2025-12-03,99000.00,emi,upi,,,ebe1c271-7011-4854-9ade-836e325b0a4f,2025-12-14 07:27:31.542807+00,2025-12-14 07:27:31.542807+00
e74bca5c-c4be-47b1-92cc-cf264ea4badd,47caba99-f999-42f6-aef1-02761866cfab,2025-05-01,11000.00,token,upi,,,ebe1c271-7011-4854-9ade-836e325b0a4f,2025-12-15 08:17:26.063572+00,2025-12-15 08:17:26.063572+00
e77949aa-8633-40e4-9c1a-cd36eb4fccbf,0862f346-2529-4da5-a26f-026e5203e4f6,2025-06-02,220000.00,booking,cheque,,,ebe1c271-7011-4854-9ade-836e325b0a4f,2025-12-15 10:28:51.487328+00,2025-12-15 10:28:51.487328+00
e7e73bb2-443f-48d0-87cb-cfce61dbe1e2,80a962d8-b72a-4ec7-9490-71cdcb0d5265,2024-12-11,435399.00,booking,account_transfer,,,ebe1c271-7011-4854-9ade-836e325b0a4f,2025-12-14 10:48:08.209314+00,2025-12-14 10:48:08.209314+00
e8743249-0c0a-43de-a843-191e66a5b008,8c732ce4-e409-4f2f-a4ff-29edcb1fb3a9,2025-11-18,49000.00,booking,upi,,,ebe1c271-7011-4854-9ade-836e325b0a4f,2025-12-14 07:30:57.273579+00,2026-02-20 06:13:31.624246+00
e930f2d2-dcfe-44aa-878f-665484ceca19,7768cf2b-4e02-4270-9a53-f1dd1eb701bc,2025-08-07,50000.00,emi,cash,,,ebe1c271-7011-4854-9ade-836e325b0a4f,2025-12-13 10:41:04.788425+00,2025-12-13 10:41:04.788425+00
e9448114-ee04-4194-8fae-1d8e1d8e732b,0c77042a-0633-4217-9851-c6581664ac20,2025-07-29,50000.00,emi,upi,,,ebe1c271-7011-4854-9ade-836e325b0a4f,2025-12-14 11:30:11.532969+00,2025-12-14 11:30:11.532969+00
e954a4e7-7063-4f73-bed0-cb35060a21fd,5cc3ec6d-5fb8-4e2f-ab31-c06e06eaddd4,2025-05-02,11000.00,token,upi,,,ebe1c271-7011-4854-9ade-836e325b0a4f,2025-12-13 10:06:38.107752+00,2025-12-13 10:06:38.107752+00
ea220e48-b10b-4d1f-a921-319a89e1b193,21dcf0d9-f4d3-45e8-8db2-30318a21a5d6,2025-10-06,95000.00,emi,account_transfer,,,ebe1c271-7011-4854-9ade-836e325b0a4f,2025-12-13 08:21:11.541115+00,2025-12-13 08:21:11.541115+00
ec0c6665-3e7f-444a-b527-b344f6c0eaaf,ed649167-541b-41a8-b6ec-aa02520dd2e7,2026-02-18,0.00,emi,upi,,,ebe1c271-7011-4854-9ade-836e325b0a4f,2026-02-20 05:30:28.31034+00,2026-02-20 05:30:51.873665+00
ec27612b-8998-4239-ab2d-417cdb53d2c7,1041457e-2f4c-442c-91e3-370808a07e18,2025-05-09,21000.00,token,cash,,,ebe1c271-7011-4854-9ade-836e325b0a4f,2025-12-15 08:19:24.759129+00,2025-12-15 08:19:49.659945+00
ec91b9ef-f802-487b-b111-b73dfa257c8b,350be292-5479-4ce5-b978-3bac65b13a04,2026-02-08,170000.00,emi,cheque,,,ebe1c271-7011-4854-9ade-836e325b0a4f,2026-02-08 11:11:50.53736+00,2026-02-08 11:11:50.53736+00
eddd908c-7cb4-4fd7-a81f-2f59ed1fbceb,09f4e894-827b-472f-9b2d-ccbd45f5e440,2026-01-08,50000.00,emi,upi,,,ebe1c271-7011-4854-9ade-836e325b0a4f,2026-01-08 07:24:40.643864+00,2026-01-08 07:24:40.643864+00
eeb53c1e-c94f-4d71-b4af-862cda8ecabb,4bd4010a-2d62-4c02-aa31-5a8f89d17b1e,2025-10-24,60000.00,booking,upi,,,ebe1c271-7011-4854-9ade-836e325b0a4f,2025-12-15 09:56:23.635458+00,2025-12-15 09:56:23.635458+00
eec4e75c-c600-47b9-bbca-50e028699bb4,6b74f611-ee2e-449b-8658-5934c2eface1,2026-01-28,289000.00,booking,cheque,,,ebe1c271-7011-4854-9ade-836e325b0a4f,2026-01-30 10:12:41.411528+00,2026-01-30 10:12:41.411528+00
f07f0019-dd1a-4cde-97fc-3b3eb2a1a80a,6411dff2-c0bb-4d58-8ee8-9f0e55338af0,2026-02-09,1000000.00,emi,cash,,,ebe1c271-7011-4854-9ade-836e325b0a4f,2026-02-09 09:23:47.306841+00,2026-02-09 09:23:47.306841+00
f0e7e3dc-27e0-4242-ae82-5c448410be38,d2cad8ef-9438-411f-9e4f-cb5e0ce6135d,2025-08-11,51000.00,token,cash,,,ebe1c271-7011-4854-9ade-836e325b0a4f,2025-12-15 08:25:35.999039+00,2025-12-15 08:25:35.999039+00
f149fa7c-2de3-43de-acce-f4da5c3297de,66df581d-77ad-422f-b408-44190ac3da9b,2025-04-10,11000.00,token,upi,,,ebe1c271-7011-4854-9ade-836e325b0a4f,2025-12-14 07:05:01.302072+00,2025-12-14 07:05:01.302072+00
f1b157b6-88b7-40a5-8125-c52a0608071a,0c77042a-0633-4217-9851-c6581664ac20,2025-07-28,50000.00,booking,upi,,,ebe1c271-7011-4854-9ade-836e325b0a4f,2025-12-14 11:29:46.797878+00,2025-12-14 11:29:46.797878+00
f1db5585-1c42-4564-b0e5-4b5c6bb17a46,981a84c7-2147-4d82-931c-76fb637f97c6,2026-01-14,500000.00,emi,cash,,,ebe1c271-7011-4854-9ade-836e325b0a4f,2026-01-14 07:16:37.9706+00,2026-01-14 07:16:37.9706+00
f47f43e2-0fb7-437a-b9f6-d2d81c1f8d5e,38ab3cf8-7b09-4a1e-acce-fd571fb727c2,2025-06-09,40000.00,emi,upi,,,ebe1c271-7011-4854-9ade-836e325b0a4f,2025-12-15 11:22:49.672159+00,2025-12-15 11:22:49.672159+00
f4a94b95-b3f1-467a-8e48-07e11fb5dede,916c61d9-99f8-44cc-acbb-0d7dfa04468b,2025-11-01,550000.00,emi,cash,,,ebe1c271-7011-4854-9ade-836e325b0a4f,2025-12-14 07:39:47.332774+00,2025-12-14 07:39:47.332774+00
f549e993-5acc-4229-9a85-2c7a8e86b604,21dcf0d9-f4d3-45e8-8db2-30318a21a5d6,2025-04-09,253500.00,booking,account_transfer,,,ebe1c271-7011-4854-9ade-836e325b0a4f,2025-12-13 08:19:00.364466+00,2025-12-13 08:19:00.364466+00
f584e6eb-3839-4d6d-9dc2-4bed78697eeb,981a84c7-2147-4d82-931c-76fb637f97c6,2025-09-04,327750.00,booking,cheque,,,ebe1c271-7011-4854-9ade-836e325b0a4f,2025-12-15 09:14:02.158222+00,2025-12-15 09:14:29.459401+00
f585595d-2f84-4735-9df6-22ae6005c4fb,c7d934c3-a696-4d65-88a1-3572f827857d,2025-09-29,11000.00,token,upi,,,ebe1c271-7011-4854-9ade-836e325b0a4f,2025-12-14 09:22:17.225198+00,2025-12-14 09:22:17.225198+00
f5ddf7f2-5242-462f-aa7e-252c90b60edf,2ba52776-69c3-47f9-ad0f-4708ac0b273c,2025-04-20,21000.00,token,upi,,,ebe1c271-7011-4854-9ade-836e325b0a4f,2025-12-15 08:07:12.837099+00,2025-12-15 08:07:12.837099+00
f63f4bfa-959b-491d-80a5-e39eec86ae88,00b7b3da-9abe-4e8e-b47c-8b240dc67518,2025-05-13,95000.00,booking,account_transfer,,,ebe1c271-7011-4854-9ade-836e325b0a4f,2025-12-14 06:34:32.251113+00,2025-12-14 06:34:32.251113+00
f6837b40-de3d-4031-b447-23d5b4ef193c,12ceb8c3-5093-4e08-a17a-6fcf63ad310d,2024-12-27,385800.00,booking,account_transfer,,,ebe1c271-7011-4854-9ade-836e325b0a4f,2025-12-13 06:25:38.075219+00,2025-12-13 06:25:38.075219+00
f727d194-f646-41b2-a471-6b61f5f39759,fd8f9f76-4219-43f5-8b1e-6ff67647ffe8,2025-07-04,25000.00,emi,cash,,,ebe1c271-7011-4854-9ade-836e325b0a4f,2025-12-14 07:19:59.549425+00,2025-12-14 07:19:59.549425+00
f76b1cd0-ee11-4174-8799-3fa51c89e98e,0efcf82e-16db-431a-8587-b535c46599a2,2026-02-19,325000.00,emi,cheque,,,ebe1c271-7011-4854-9ade-836e325b0a4f,2026-02-20 07:05:24.416993+00,2026-02-20 07:05:24.416993+00
f78b4a8c-acfc-4442-a1ee-e8dbf2ed931a,55693944-a6b2-4554-a1e2-6fdddafbbe0a,2025-05-19,11000.00,token,upi,,,ebe1c271-7011-4854-9ade-836e325b0a4f,2025-12-14 07:43:19.811841+00,2025-12-14 07:43:19.811841+00
f8f7fada-0da2-4827-8b9b-e74a90076996,cb2b791a-547f-4168-be2c-4b0f8e6243fe,2025-01-07,2345000.00,loan_disbursement,account_transfer,,,ebe1c271-7011-4854-9ade-836e325b0a4f,2025-12-12 07:43:53.383962+00,2025-12-12 07:43:53.383962+00
f933ae20-9648-4faa-b9c2-dd4253afe7d0,27b51ce1-9b4d-41d1-81f4-e07598f104c8,2024-12-13,5500.00,token,upi,,,ebe1c271-7011-4854-9ade-836e325b0a4f,2025-12-13 06:19:24.942172+00,2025-12-13 06:19:24.942172+00
f95658c7-dd38-46eb-9907-3fc7f08f7673,21dcf0d9-f4d3-45e8-8db2-30318a21a5d6,2026-01-09,95000.00,emi,upi,,,ebe1c271-7011-4854-9ade-836e325b0a4f,2026-02-02 06:28:19.577271+00,2026-02-02 06:28:19.577271+00
f9905c9a-0cf6-4a37-9f1b-6408fa3dd288,27b51ce1-9b4d-41d1-81f4-e07598f104c8,2025-06-17,12000.00,emi,account_transfer,,,ebe1c271-7011-4854-9ade-836e325b0a4f,2025-12-13 06:20:58.572895+00,2025-12-13 06:20:58.572895+00
f9f5f8d8-4704-4fc4-8def-2d3cbc8922d7,af825b42-a502-4711-92cc-cb622641a587,2025-07-07,1700000.00,emi,cheque,,,ebe1c271-7011-4854-9ade-836e325b0a4f,2025-12-13 10:36:46.295672+00,2025-12-13 10:36:46.295672+00
fa7b4eec-26d9-40fd-88e9-62efc1bba852,b8adf855-524d-4b53-bffc-b365cd9c27af,2025-06-20,11000.00,token,upi,,,ebe1c271-7011-4854-9ade-836e325b0a4f,2025-12-14 11:39:20.908333+00,2025-12-14 11:39:20.908333+00
fb94dfbc-e698-47f8-87ad-ee2e50f830cc,47caba99-f999-42f6-aef1-02761866cfab,2025-05-03,373000.00,booking,account_transfer,,,ebe1c271-7011-4854-9ade-836e325b0a4f,2025-12-15 08:17:51.419812+00,2025-12-15 08:17:51.419812+00
fc4d85c1-b7df-4d79-852f-8b3d8b3c29fd,38ab3cf8-7b09-4a1e-acce-fd571fb727c2,2025-05-17,30000.00,booking,upi,,,ebe1c271-7011-4854-9ade-836e325b0a4f,2025-12-15 11:22:29.094967+00,2025-12-15 11:22:29.094967+00
fc9cf6a2-3ddc-46a7-b5f8-f33629a1608b,996cf4e0-90fb-426d-bc5e-1a27a065415f,2025-12-16,1000000.00,emi,account_transfer,,,ebe1c271-7011-4854-9ade-836e325b0a4f,2025-12-18 07:50:11.926979+00,2025-12-18 07:50:11.926979+00
fcce3f0f-4bcf-452e-a86d-fc309c705dca,af825b42-a502-4711-92cc-cb622641a587,2025-06-18,549000.00,booking,cheque,,,ebe1c271-7011-4854-9ade-836e325b0a4f,2025-12-13 10:35:48.039855+00,2025-12-13 10:35:48.039855+00
fd49fa83-ee6e-445c-b7ee-8fe1be7f4cc6,5e624c5d-480c-4b36-a3f3-2b423c6e20a6,2025-06-16,45000.00,emi,account_transfer,,,ebe1c271-7011-4854-9ade-836e325b0a4f,2025-12-13 06:18:19.800377+00,2025-12-13 06:18:19.800377+00
fda3681e-ca9f-4be1-9d20-550858998f4f,8eba0442-c900-4a5c-a6f3-8de3da918b0d,2025-09-20,100000.00,emi,account_transfer,,,ebe1c271-7011-4854-9ade-836e325b0a4f,2025-12-14 11:20:52.356812+00,2025-12-14 11:20:52.356812+00
fe8a4dca-6c20-4d74-89f7-9177fbb39029,f080ba7e-8341-4515-93a0-ced73c4c8d24,2025-12-22,100000.00,emi,account_transfer,,,ebe1c271-7011-4854-9ade-836e325b0a4f,2025-12-22 10:18:42.392747+00,2025-12-22 10:18:42.392747+00
ffa75392-655c-4f0c-bd35-242774c6db54,35500d7b-5f43-43ab-ba0d-e847e7f85e47,2026-02-06,95000.00,emi,upi,,,ebe1c271-7011-4854-9ade-836e325b0a4f,2026-02-06 10:01:15.313806+00,2026-02-06 10:01:15.313806+00
ffaa0ce3-44a7-432d-80d4-0c3fcf15aa46,6411dff2-c0bb-4d58-8ee8-9f0e55338af0,2026-01-29,500000.00,emi,cash,,,ebe1c271-7011-4854-9ade-836e325b0a4f,2026-01-29 11:30:41.853378+00,2026-01-29 11:30:41.853378+00